date,Total nonfarm,Total nonfarm (YoY %),Total private,Goods-producing,Construction,Manufacturing,Motor vehicles & parts,Private service-providing,Retail trade,Professional & business services,Education & health services,Health care & social assistance,Leisure & hospitality,Government,Mining & logging,Wholesale trade,Transportation & warehousing,Utilities,Information,Financial activities,Other services,Durable goods manufacturing,Nondurable goods manufacturing,Temporary help services
2000-01-01,228.0,131011.0,197.0,48.0,43.0,5.0,8.6,149.0,13.4,76.0,20.0,19.3,7.0,31.0,0.0,3.4,8.5,-0.8,20.0,-6.0,8.0,15.0,-10.0,16.5
2000-02-01,109.0,131120.0,81.0,-21.0,-22.0,0.0,1.6,102.0,8.9,37.0,14.0,14.1,6.0,28.0,1.0,1.6,9.1,-1.2,18.0,2.0,7.0,4.0,-4.0,2.7
2000-03-01,484.0,131604.0,350.0,98.0,81.0,18.0,-2.5,252.0,33.9,74.0,27.0,17.2,69.0,134.0,-1.0,16.0,8.5,-1.6,21.0,-4.0,8.0,21.0,-3.0,22.7
2000-04-01,280.0,131884.0,211.0,-17.0,-17.0,-3.0,-2.7,228.0,73.9,83.0,20.0,10.6,46.0,69.0,3.0,-12.2,5.2,-0.8,18.0,-3.0,-2.0,-3.0,0.0,36.1
2000-05-01,221.0,132105.0,-124.0,-43.0,-24.0,-21.0,1.4,-81.0,-48.9,-35.0,28.0,19.1,-7.0,345.0,2.0,-11.0,-5.2,-1.6,6.0,-2.0,-5.0,4.0,-25.0,-32.4
2000-06-01,-42.0,132063.0,218.0,24.0,8.0,17.0,7.7,194.0,10.2,69.0,29.0,16.5,42.0,-260.0,-1.0,3.0,10.5,-1.0,27.0,2.0,3.0,36.0,-19.0,0.3
2000-07-01,165.0,132228.0,185.0,47.0,16.0,27.0,-19.5,138.0,14.0,45.0,28.0,20.6,31.0,-20.0,4.0,-14.8,10.7,-0.2,16.0,2.0,6.0,22.0,5.0,-4.9
2000-08-01,6.0,132234.0,36.0,-34.0,2.0,-35.0,-8.1,70.0,22.5,32.0,40.0,23.7,27.0,-30.0,-1.0,-11.0,17.5,0.1,-74.0,11.0,5.0,-17.0,-18.0,-9.0
2000-09-01,103.0,132337.0,205.0,-42.0,11.0,-58.0,-10.1,247.0,23.7,62.0,50.0,54.5,13.0,-102.0,5.0,-15.2,-11.4,-1.4,92.0,20.0,14.0,-39.0,-19.0,4.5
2000-10-01,15.0,132352.0,7.0,-3.0,7.0,-12.0,0.8,10.0,4.9,13.0,25.0,31.2,-64.0,8.0,2.0,-0.2,11.5,2.0,0.0,12.0,6.0,1.0,-13.0,-9.9
2000-11-01,204.0,132556.0,187.0,-14.0,3.0,-15.0,-4.7,201.0,7.5,41.0,48.0,30.9,70.0,17.0,-2.0,-5.2,15.2,-0.6,9.0,14.0,2.0,5.0,-20.0,4.3
2000-12-01,160.0,132716.0,116.0,-50.0,-25.0,-21.0,-5.3,166.0,46.7,-16.0,56.0,37.4,30.0,44.0,-4.0,-22.3,27.6,1.2,22.0,15.0,6.0,-17.0,-4.0,-47.2
2001-01-01,-13.0,132703.0,-44.0,-39.0,32.0,-76.0,-36.7,-5.0,-26.4,5.0,54.0,45.0,1.0,31.0,5.0,-21.3,-34.3,-1.0,4.0,7.0,7.0,-58.0,-18.0,-20.8
2001-02-01,85.0,132788.0,14.0,-57.0,17.0,-75.0,7.1,71.0,17.9,-24.0,54.0,44.8,20.0,71.0,1.0,-18.0,-3.5,0.1,5.0,23.0,-4.0,-40.0,-35.0,-32.7
2001-03-01,-37.0,132751.0,-76.0,-68.0,21.0,-92.0,-13.5,-8.0,-24.4,-50.0,56.0,38.5,3.0,39.0,3.0,-19.4,6.0,-0.3,2.0,17.0,2.0,-72.0,-20.0,-48.4
2001-04-01,-293.0,132458.0,-340.0,-155.0,-18.0,-136.0,-8.2,-185.0,-95.7,-126.0,43.0,35.5,40.0,47.0,-1.0,-16.7,-19.0,-0.6,-32.0,4.0,18.0,-98.0,-38.0,-83.2
2001-05-01,-50.0,132408.0,-87.0,-137.0,5.0,-142.0,-12.3,50.0,3.7,-44.0,75.0,43.0,28.0,37.0,0.0,-14.6,-4.0,0.3,-23.0,9.0,20.0,-106.0,-36.0,-21.6
2001-06-01,-108.0,132300.0,-216.0,-155.0,-9.0,-147.0,-12.1,-61.0,4.2,-66.0,37.0,49.2,8.0,108.0,1.0,-17.8,-21.0,0.9,-21.0,7.0,8.0,-105.0,-42.0,-37.6
2001-07-01,-128.0,132172.0,-176.0,-127.0,5.0,-132.0,-0.8,-49.0,-61.3,-53.0,56.0,49.5,34.0,48.0,0.0,-12.7,3.2,-1.6,-23.0,-13.0,22.0,-99.0,-33.0,-28.7
2001-08-01,-151.0,132021.0,-184.0,-168.0,-18.0,-148.0,-5.4,-16.0,4.8,-62.0,60.0,42.7,-17.0,33.0,-2.0,-6.5,-8.5,-0.7,-21.0,24.0,11.0,-89.0,-59.0,-19.1
2001-09-01,-258.0,131763.0,-282.0,-133.0,-14.0,-117.0,-3.2,-149.0,-9.6,-86.0,58.0,40.4,-32.0,24.0,-2.0,-15.2,-59.5,-0.2,-17.0,0.0,13.0,-81.0,-36.0,-36.1
2001-10-01,-311.0,131452.0,-344.0,-156.0,-9.0,-143.0,-26.2,-188.0,-26.8,-102.0,41.0,38.6,-46.0,33.0,-4.0,-11.8,-33.7,-0.6,-24.0,9.0,6.0,-112.0,-31.0,-40.4
2001-11-01,-308.0,131144.0,-359.0,-170.0,-20.0,-148.0,-2.5,-189.0,-22.4,-127.0,45.0,36.8,-30.0,51.0,-2.0,-18.8,-46.8,2.8,-21.0,15.0,15.0,-106.0,-42.0,-60.6
2001-12-01,-161.0,130983.0,-190.0,-115.0,1.0,-113.0,-3.4,-75.0,-49.3,-26.0,54.0,43.4,-18.0,29.0,-3.0,-18.6,-14.6,-1.6,-15.0,-6.0,20.0,-84.0,-29.0,-19.8
2002-01-01,-124.0,130859.0,-146.0,-131.0,-10.0,-124.0,-29.4,-15.0,-37.4,-36.0,55.0,39.3,39.0,22.0,3.0,-4.2,-21.7,0.8,-26.0,5.0,10.0,-103.0,-21.0,9.1
2002-02-01,-122.0,130737.0,-135.0,-83.0,-9.0,-70.0,15.5,-52.0,3.7,-30.0,48.0,29.7,-44.0,13.0,-4.0,-15.2,6.1,-0.4,-24.0,-7.0,11.0,-41.0,-29.0,9.3
2002-03-01,-15.0,130722.0,-56.0,-93.0,-11.0,-75.0,0.2,37.0,8.1,16.0,41.0,32.1,3.0,41.0,-7.0,-7.4,-9.8,-0.4,-17.0,-3.0,7.0,-57.0,-18.0,33.9
2002-04-01,-106.0,130616.0,-118.0,-98.0,-45.0,-51.0,-1.8,-20.0,-2.4,0.0,38.0,31.8,-37.0,12.0,-2.0,-11.3,0.2,-0.2,-19.0,7.0,4.0,-33.0,-18.0,26.3
2002-05-01,16.0,130632.0,-55.0,-83.0,-26.0,-54.0,0.8,28.0,-19.6,10.0,45.0,23.8,8.0,71.0,-3.0,-0.9,4.8,0.3,-18.0,-3.0,2.0,-33.0,-21.0,9.3
2002-06-01,42.0,130674.0,7.0,-29.0,17.0,-41.0,1.5,36.0,-11.0,-10.0,89.0,47.5,-31.0,35.0,-5.0,3.6,8.0,0.0,-16.0,6.0,-3.0,-33.0,-8.0,4.0
2002-07-01,-90.0,130584.0,-85.0,-56.0,-13.0,-41.0,5.8,-29.0,-2.1,-73.0,50.0,34.0,7.0,-5.0,-2.0,-2.1,13.4,-1.0,-20.0,4.0,-5.0,-28.0,-13.0,-41.6
2002-08-01,-3.0,130581.0,-48.0,-73.0,13.0,-85.0,-10.7,25.0,-45.3,29.0,21.0,37.2,24.0,45.0,-1.0,-9.9,3.9,-1.6,-11.0,6.0,9.0,-49.0,-36.0,42.7
2002-09-01,-79.0,130502.0,-36.0,-52.0,1.0,-52.0,-1.6,16.0,-18.5,-22.0,28.0,37.1,55.0,-43.0,-1.0,0.5,-29.5,-1.0,-26.0,15.0,14.0,-47.0,-5.0,-23.6
2002-10-01,115.0,130617.0,102.0,-73.0,-13.0,-60.0,-1.9,175.0,5.4,17.0,26.0,33.9,79.0,13.0,0.0,-2.4,10.6,-0.4,5.0,27.0,8.0,-43.0,-17.0,-5.0
2002-11-01,-1.0,130616.0,-23.0,-41.0,24.0,-67.0,-2.4,18.0,-12.8,-42.0,46.0,41.6,39.0,22.0,2.0,-14.6,-0.7,-3.4,-21.0,12.0,16.0,-50.0,-17.0,-26.3
2002-12-01,-151.0,130465.0,-158.0,-94.0,-13.0,-81.0,-3.8,-64.0,11.9,-64.0,20.0,22.3,3.0,7.0,0.0,2.6,-0.7,-2.3,-40.0,14.0,-9.0,-55.0,-26.0,-17.0
2003-01-01,108.0,130573.0,70.0,-42.0,4.0,-44.0,4.0,112.0,-18.1,66.0,45.0,41.4,61.0,38.0,-2.0,-10.0,-14.8,-2.6,-24.0,8.0,2.0,-43.0,-1.0,37.5
2003-02-01,-132.0,130441.0,-130.0,-124.0,-37.0,-87.0,-5.9,-6.0,-35.1,28.0,45.0,39.3,-43.0,-2.0,0.0,7.6,4.8,-1.6,-29.0,12.0,5.0,-63.0,-24.0,-15.9
2003-03-01,-206.0,130235.0,-192.0,-77.0,-13.0,-59.0,-4.1,-115.0,-24.8,-70.0,27.0,30.1,-21.0,-14.0,-5.0,-4.2,-13.5,-1.6,-14.0,14.0,-7.0,-38.0,-21.0,-14.3
2003-04-01,-62.0,130173.0,-47.0,-82.0,35.0,-113.0,-20.4,35.0,10.4,3.0,59.0,40.1,-24.0,-15.0,-4.0,-5.2,-17.9,-1.9,-13.0,26.0,-1.0,-78.0,-35.0,-23.6
2003-05-01,24.0,130197.0,52.0,-29.0,17.0,-50.0,10.9,81.0,-8.5,50.0,41.0,25.9,7.0,-28.0,4.0,-6.2,-4.0,-2.9,-14.0,17.0,1.0,-34.0,-16.0,47.0
2003-06-01,-11.0,130186.0,-50.0,-46.0,17.0,-65.0,1.5,-4.0,-14.8,14.0,8.0,23.3,29.0,39.0,2.0,-11.0,-8.0,-3.9,-12.0,-4.0,-1.0,-40.0,-25.0,31.9
2003-07-01,-2.0,130184.0,-29.0,-79.0,12.0,-90.0,-4.9,50.0,-11.9,39.0,10.0,4.8,22.0,27.0,-1.0,-8.3,-8.1,-0.3,-6.0,11.0,2.0,-58.0,-32.0,25.4
2003-08-01,-31.0,130153.0,46.0,-3.0,25.0,-27.0,-3.4,49.0,27.1,-5.0,11.0,17.7,34.0,-77.0,-1.0,-7.2,1.4,-0.1,-13.0,1.0,0.0,-17.0,-10.0,-0.8
2003-09-01,99.0,130252.0,151.0,-7.0,23.0,-30.0,-1.4,158.0,30.9,55.0,34.0,23.9,31.0,-52.0,0.0,-1.8,10.4,-0.8,-1.0,-3.0,4.0,-14.0,-16.0,14.4
2003-10-01,187.0,130439.0,133.0,-7.0,1.0,-12.0,0.3,140.0,15.8,23.0,60.0,35.8,51.0,54.0,4.0,-0.6,9.2,-0.5,-7.0,-10.0,-1.0,0.0,-12.0,0.6
2003-11-01,41.0,130480.0,64.0,-4.0,12.0,-18.0,0.4,68.0,-20.7,39.0,31.0,19.2,25.0,-23.0,2.0,1.3,3.5,-1.1,-5.0,-7.0,2.0,6.0,-24.0,14.3
2003-12-01,109.0,130589.0,98.0,13.0,31.0,-17.0,-2.2,85.0,-6.2,26.0,39.0,32.4,36.0,11.0,-1.0,11.3,-13.2,-1.0,0.0,-6.0,-1.0,-4.0,-13.0,18.9
2004-01-01,167.0,130756.0,175.0,13.0,21.0,-8.0,-0.2,162.0,46.8,28.0,24.0,19.2,26.0,-8.0,0.0,12.6,30.1,-0.7,-9.0,2.0,2.0,7.0,-15.0,3.3
2004-02-01,65.0,130821.0,53.0,-21.0,-10.0,-12.0,-1.2,74.0,-1.7,15.0,24.0,23.3,26.0,12.0,1.0,6.3,4.6,-1.4,0.0,1.0,0.0,2.0,-14.0,12.2
2004-03-01,319.0,131140.0,281.0,65.0,49.0,8.0,-1.8,216.0,48.2,26.0,52.0,42.6,53.0,38.0,8.0,7.0,16.7,0.4,-7.0,7.0,13.0,8.0,0.0,3.5
2004-04-01,272.0,131412.0,246.0,44.0,14.0,28.0,-1.3,202.0,20.0,112.0,38.0,38.8,10.0,26.0,2.0,21.0,-6.2,-0.5,-4.0,11.0,1.0,26.0,2.0,39.0
2004-05-01,285.0,131697.0,285.0,79.0,47.0,27.0,0.9,206.0,15.0,73.0,35.0,33.4,46.0,0.0,5.0,1.8,12.9,-1.1,5.0,18.0,0.0,26.0,1.0,28.6
2004-06-01,97.0,131794.0,110.0,6.0,14.0,-8.0,-1.6,104.0,23.8,32.0,14.0,23.0,14.0,-13.0,0.0,3.8,14.6,-1.4,1.0,1.0,1.0,7.0,-15.0,2.3
2004-07-01,60.0,131854.0,55.0,15.0,15.0,-3.0,-11.7,40.0,-16.1,39.0,35.0,23.8,0.0,5.0,3.0,8.1,9.7,-1.4,-12.0,-16.0,-6.0,2.0,-5.0,13.2
2004-08-01,85.0,131939.0,65.0,41.0,26.0,14.0,17.8,24.0,0.8,-1.0,37.0,34.4,-10.0,20.0,1.0,8.1,6.3,-2.9,-16.0,6.0,-4.0,28.0,-14.0,6.5
2004-09-01,150.0,132089.0,141.0,15.0,26.0,-13.0,-4.9,126.0,24.6,23.0,-7.0,13.7,65.0,9.0,2.0,13.2,12.3,-0.8,-12.0,12.0,-5.0,-6.0,-7.0,16.0
2004-10-01,340.0,132429.0,319.0,46.0,48.0,0.0,5.5,273.0,28.0,119.0,94.0,43.7,32.0,21.0,-2.0,3.5,9.3,-2.2,3.0,-5.0,-8.0,11.0,-11.0,57.8
2004-11-01,74.0,132503.0,38.0,-8.0,14.0,-26.0,-5.6,46.0,21.1,-18.0,26.0,25.9,24.0,36.0,4.0,2.0,-1.6,-2.8,-11.0,3.0,3.0,-10.0,-16.0,-17.7
2004-12-01,127.0,132630.0,126.0,8.0,26.0,-21.0,-1.2,118.0,-7.7,16.0,48.0,32.9,24.0,1.0,3.0,14.1,17.8,-1.0,-11.0,18.0,0.0,-5.0,-16.0,-29.2
2005-01-01,151.0,132781.0,109.0,-45.0,-22.0,-28.0,-4.0,154.0,20.3,55.0,36.0,15.3,35.0,42.0,5.0,-5.8,9.1,2.8,-6.0,9.0,-2.0,-9.0,-19.0,29.2
2005-02-01,253.0,133034.0,244.0,76.0,58.0,15.0,10.8,168.0,40.0,84.0,8.0,28.8,25.0,9.0,3.0,13.1,13.3,-0.4,-14.0,4.0,-5.0,21.0,-6.0,32.1
2005-03-01,120.0,133154.0,124.0,30.0,28.0,-4.0,-8.6,94.0,1.5,28.0,27.0,21.3,28.0,-4.0,6.0,10.6,9.8,-2.1,5.0,-6.0,-7.0,-6.0,2.0,0.4
2005-04-01,366.0,133520.0,352.0,70.0,85.0,-19.0,-7.2,282.0,49.3,62.0,40.0,36.9,84.0,14.0,4.0,11.9,15.2,-0.8,4.0,10.0,6.0,-5.0,-14.0,16.3
2005-05-01,169.0,133689.0,142.0,35.0,28.0,6.0,3.5,107.0,16.9,22.0,61.0,48.3,-5.0,27.0,1.0,11.6,9.7,-0.4,-4.0,3.0,-8.0,13.0,-7.0,-2.3
2005-06-01,259.0,133948.0,277.0,14.0,39.0,-28.0,-14.1,263.0,34.1,89.0,62.0,49.0,40.0,-18.0,3.0,10.5,0.7,-0.6,-5.0,19.0,13.0,-14.0,-14.0,23.4
2005-07-01,352.0,134300.0,258.0,20.0,20.0,-2.0,-5.0,238.0,41.5,66.0,50.0,50.9,30.0,94.0,2.0,9.4,12.5,0.7,4.0,18.0,6.0,-3.0,1.0,9.5
2005-08-01,202.0,134502.0,196.0,20.0,41.0,-25.0,-1.4,176.0,16.2,59.0,40.0,27.2,24.0,6.0,4.0,10.0,5.0,0.8,2.0,23.0,-4.0,-5.0,-20.0,19.7
2005-09-01,50.0,134552.0,68.0,-1.0,21.0,-27.0,4.6,69.0,-26.3,71.0,34.0,28.1,-29.0,-18.0,5.0,5.4,3.1,-1.4,7.0,8.0,-2.0,-16.0,-11.0,41.6
2005-10-01,89.0,134641.0,105.0,67.0,45.0,16.0,-2.2,38.0,-3.0,21.0,18.0,26.5,-22.0,-16.0,6.0,8.0,6.8,-0.2,-15.0,35.0,-11.0,27.0,-11.0,4.7
2005-11-01,356.0,134997.0,326.0,65.0,64.0,-5.0,1.2,261.0,31.0,81.0,50.0,38.2,44.0,30.0,6.0,12.6,13.2,-0.7,0.0,22.0,8.0,-3.0,-2.0,26.1
2005-12-01,162.0,135159.0,142.0,18.0,9.0,5.0,-1.7,124.0,5.6,33.0,32.0,24.3,21.0,20.0,4.0,12.4,4.8,-2.6,-3.0,6.0,15.0,9.0,-4.0,2.6
2006-01-01,268.0,135427.0,300.0,92.0,68.0,19.0,11.4,208.0,-12.3,53.0,53.0,42.5,40.0,-32.0,5.0,19.5,16.6,0.1,2.0,21.0,15.0,18.0,1.0,-9.3
2006-02-01,306.0,135733.0,275.0,68.0,63.0,0.0,-18.8,207.0,6.7,61.0,50.0,32.1,35.0,31.0,5.0,16.0,10.2,0.2,-2.0,29.0,1.0,5.0,-5.0,7.7
2006-03-01,305.0,136038.0,280.0,34.0,25.0,2.0,-0.2,246.0,26.2,86.0,46.0,41.7,54.0,25.0,7.0,15.4,-0.3,-2.4,3.0,17.0,1.0,11.0,-9.0,8.4
2006-04-01,172.0,136210.0,156.0,60.0,37.0,13.0,7.7,96.0,-34.8,22.0,26.0,20.0,40.0,16.0,10.0,11.8,15.5,1.3,-8.0,22.0,0.0,20.0,-7.0,-4.3
2006-05-01,39.0,136249.0,32.0,-33.0,-13.0,-23.0,-6.4,65.0,-31.4,59.0,32.0,32.4,-22.0,7.0,3.0,12.1,12.5,-0.7,-8.0,2.0,9.0,-3.0,-20.0,18.3
2006-06-01,88.0,136337.0,92.0,0.0,-14.0,10.0,6.6,92.0,11.8,69.0,9.0,38.5,9.0,-4.0,4.0,4.1,5.5,-0.9,-3.0,-10.0,-2.0,11.0,-1.0,-5.6
2006-07-01,192.0,136529.0,141.0,-7.0,13.0,-25.0,-15.8,148.0,1.5,40.0,24.0,28.5,69.0,51.0,5.0,8.2,14.4,0.8,-5.0,0.0,-5.0,-20.0,-5.0,-6.2
2006-08-01,163.0,136692.0,125.0,-21.0,8.0,-31.0,-8.6,146.0,2.7,46.0,53.0,30.4,22.0,38.0,2.0,8.2,-0.4,0.1,4.0,6.0,4.0,-17.0,-14.0,8.9
2006-09-01,134.0,136826.0,63.0,-33.0,-2.0,-34.0,-5.1,96.0,3.2,-10.0,65.0,35.2,-2.0,71.0,3.0,8.4,9.2,0.2,-7.0,14.0,15.0,-19.0,-15.0,-8.7
2006-10-01,17.0,136843.0,31.0,-84.0,-36.0,-52.0,-7.1,115.0,33.8,4.0,36.0,43.7,37.0,-14.0,4.0,-1.6,9.5,-1.7,-4.0,-5.0,7.0,-28.0,-24.0,-12.4
2006-11-01,217.0,137060.0,202.0,-49.0,-16.0,-34.0,-8.6,251.0,35.4,68.0,46.0,39.8,64.0,15.0,1.0,11.9,12.1,1.1,0.0,10.0,3.0,-28.0,-6.0,-3.5
2006-12-01,189.0,137249.0,184.0,-2.0,19.0,-25.0,-1.5,186.0,1.3,35.0,44.0,49.4,41.0,5.0,4.0,24.9,20.4,0.8,10.0,0.0,9.0,-4.0,-21.0,10.7
2007-01-01,223.0,137472.0,216.0,36.0,40.0,-5.0,-17.4,180.0,36.2,64.0,36.0,37.9,46.0,7.0,1.0,3.5,1.5,-0.2,-4.0,-3.0,0.0,-22.0,17.0,15.2
2007-02-01,88.0,137560.0,52.0,-105.0,-99.0,-11.0,-0.5,157.0,28.8,33.0,39.0,37.7,23.0,36.0,5.0,14.6,1.1,0.0,4.0,5.0,8.0,0.0,-11.0,-9.8
2007-03-01,224.0,137784.0,206.0,55.0,80.0,-29.0,-3.4,151.0,58.5,30.0,56.0,43.4,2.0,18.0,4.0,3.5,3.4,0.7,-4.0,-10.0,11.0,-21.0,-8.0,3.8
2007-04-01,63.0,137847.0,37.0,-39.0,-20.0,-25.0,-8.7,76.0,-21.4,18.0,55.0,52.6,12.0,26.0,6.0,15.7,2.5,2.2,5.0,-19.0,6.0,-11.0,-14.0,-17.1
2007-05-01,145.0,137992.0,127.0,-29.0,-13.0,-17.0,-9.2,156.0,17.0,34.0,46.0,43.4,29.0,18.0,1.0,7.8,1.4,2.4,5.0,6.0,7.0,-15.0,-2.0,-18.2
2007-06-01,78.0,138070.0,64.0,-1.0,14.0,-19.0,-5.0,65.0,-15.7,11.0,51.0,53.9,9.0,14.0,4.0,11.1,-1.5,0.7,-2.0,-1.0,3.0,-17.0,-2.0,-7.1
2007-07-01,-26.0,138044.0,10.0,-46.0,-27.0,-22.0,-5.3,56.0,4.5,4.0,35.0,36.5,4.0,-36.0,3.0,6.1,3.0,0.5,-1.0,1.0,-1.0,-15.0,-7.0,-11.2
2007-08-01,-31.0,138013.0,-86.0,-110.0,-50.0,-60.0,-2.9,24.0,0.8,10.0,56.0,42.3,2.0,55.0,0.0,-0.8,-3.9,0.7,-9.0,-28.0,-4.0,-35.0,-25.0,-6.4
2007-09-01,86.0,138099.0,33.0,-70.0,-33.0,-37.0,-5.4,103.0,8.7,-1.0,55.0,41.8,42.0,53.0,0.0,1.3,22.0,-0.6,3.0,-25.0,-3.0,-27.0,-10.0,-29.7
2007-10-01,76.0,138175.0,58.0,-39.0,-12.0,-28.0,-12.4,97.0,-6.9,35.0,43.0,27.9,38.0,18.0,1.0,7.3,-4.6,0.8,-3.0,-13.0,1.0,-26.0,-2.0,11.0
2007-11-01,115.0,138290.0,78.0,-42.0,-42.0,-5.0,-4.1,120.0,64.0,1.0,26.0,29.6,36.0,37.0,5.0,0.6,-2.8,-0.6,-3.0,-14.0,13.0,-2.0,-3.0,-14.5
2007-12-01,105.0,138395.0,63.0,-40.0,-33.0,-12.0,-9.4,103.0,-5.1,46.0,49.0,39.8,15.0,42.0,5.0,-0.2,-2.6,1.8,1.0,-10.0,8.0,-17.0,5.0,-11.6
2008-01-01,-4.0,138391.0,-16.0,-29.0,-14.0,-22.0,-10.5,13.0,-19.2,-10.0,52.0,42.6,-8.0,12.0,7.0,-4.1,1.8,-0.3,0.0,-4.0,5.0,-14.0,-8.0,6.9
2008-02-01,-62.0,138329.0,-91.0,-49.0,-23.0,-27.0,-0.4,-42.0,-34.9,-45.0,43.0,33.7,1.0,29.0,1.0,-10.1,3.8,-0.7,-7.0,-5.0,12.0,-18.0,-9.0,-42.9
2008-03-01,-70.0,138259.0,-96.0,-80.0,-47.0,-40.0,-25.6,-16.0,-10.7,-42.0,50.0,40.8,-12.0,26.0,7.0,-10.0,0.8,0.7,2.0,-1.0,7.0,-31.0,-9.0,-20.1
2008-04-01,-219.0,138040.0,-226.0,-139.0,-79.0,-61.0,-19.4,-87.0,-83.2,-10.0,60.0,45.0,-20.0,7.0,1.0,-21.2,4.4,0.1,-8.0,-10.0,1.0,-50.0,-11.0,-22.6
2008-05-01,-189.0,137851.0,-222.0,-78.0,-53.0,-34.0,1.6,-144.0,-62.7,-57.0,37.0,34.7,-13.0,33.0,9.0,-12.9,-11.6,-0.1,-5.0,-11.0,-8.0,-18.0,-16.0,-35.2
2008-06-01,-151.0,137700.0,-185.0,-118.0,-61.0,-61.0,-2.1,-67.0,-24.0,-44.0,66.0,32.5,-16.0,34.0,4.0,-12.4,-12.6,1.0,-7.0,-11.0,-7.0,-37.0,-24.0,-24.9
2008-07-01,-203.0,137497.0,-254.0,-126.0,-53.0,-75.0,-16.6,-128.0,-39.8,-59.0,51.0,36.1,-19.0,51.0,2.0,-21.4,-5.2,2.1,-14.0,-20.0,-3.0,-55.0,-20.0,-33.6
2008-08-01,-286.0,137211.0,-285.0,-107.0,-46.0,-71.0,-28.2,-178.0,-60.9,-64.0,56.0,32.9,-32.0,-1.0,10.0,-21.0,-17.0,-1.2,-15.0,-13.0,-10.0,-57.0,-14.0,-30.7
2008-09-01,-451.0,136760.0,-421.0,-147.0,-70.0,-81.0,-19.3,-274.0,-65.8,-69.0,4.0,27.5,-52.0,-30.0,4.0,-11.5,-35.6,0.5,-10.0,-34.0,0.0,-57.0,-24.0,-32.9
2008-10-01,-469.0,136291.0,-481.0,-209.0,-77.0,-129.0,-14.0,-272.0,-61.6,-108.0,15.0,28.9,-27.0,12.0,-3.0,-37.5,-14.8,2.3,-11.0,-34.0,4.0,-97.0,-32.0,-74.7
2008-11-01,-750.0,135541.0,-761.0,-271.0,-154.0,-112.0,-15.0,-490.0,-128.8,-172.0,39.0,33.9,-52.0,11.0,-5.0,-37.6,-40.9,1.2,-20.0,-39.0,-40.0,-82.0,-30.0,-104.1
2008-12-01,-694.0,134847.0,-690.0,-302.0,-112.0,-184.0,-24.8,-388.0,-105.6,-131.0,41.0,33.7,-44.0,-4.0,-6.0,-40.6,-26.9,0.3,-20.0,-31.0,-30.0,-128.0,-56.0,-76.6
2009-01-01,-768.0,134079.0,-791.0,-434.0,-134.0,-290.0,-91.4,-357.0,-83.7,-154.0,56.0,23.4,-34.0,23.0,-10.0,-32.8,-23.7,0.4,-20.0,-49.0,-16.0,-233.0,-57.0,-83.5
2009-02-01,-761.0,133318.0,-758.0,-314.0,-121.0,-181.0,21.3,-444.0,-83.2,-195.0,14.0,26.4,-29.0,-3.0,-12.0,-47.2,-24.0,0.2,-13.0,-48.0,-19.0,-133.0,-48.0,-68.7
2009-03-01,-824.0,132494.0,-808.0,-351.0,-155.0,-175.0,-10.4,-457.0,-86.3,-151.0,6.0,11.2,-66.0,-16.0,-21.0,-42.3,-33.5,-0.3,-14.0,-41.0,-28.0,-125.0,-50.0,-62.5
2009-04-01,-672.0,131822.0,-789.0,-333.0,-137.0,-179.0,-26.4,-456.0,-63.7,-134.0,5.0,16.0,-71.0,117.0,-17.0,-45.4,-45.7,-2.3,-32.0,-56.0,-11.0,-149.0,-30.0,-57.7
2009-05-01,-356.0,131466.0,-296.0,-237.0,-54.0,-167.0,-32.2,-59.0,-15.7,-51.0,62.0,51.8,50.0,-60.0,-16.0,-26.0,-17.9,-1.2,-25.0,-31.0,-4.0,-139.0,-28.0,-4.4
2009-06-01,-458.0,131008.0,-417.0,-235.0,-90.0,-137.0,-20.3,-182.0,-13.2,-105.0,38.0,21.8,-30.0,-41.0,-8.0,-23.8,-17.6,0.6,-12.0,-22.0,3.0,-108.0,-29.0,-19.9
2009-07-01,-346.0,130662.0,-291.0,-145.0,-78.0,-59.0,29.6,-146.0,-54.9,-23.0,13.0,24.5,2.0,-55.0,-8.0,-24.6,-21.6,-1.7,-17.0,-15.0,-3.0,-37.0,-22.0,8.5
2009-08-01,-190.0,130472.0,-206.0,-128.0,-77.0,-42.0,0.2,-78.0,-8.1,-9.0,44.0,37.6,-32.0,16.0,-9.0,-17.1,-10.4,-0.6,-11.0,-25.0,-9.0,-33.0,-9.0,-3.6
2009-09-01,-226.0,130246.0,-140.0,-102.0,-68.0,-32.0,0.3,-38.0,-32.1,7.0,19.0,35.7,8.0,-86.0,-2.0,-16.6,-8.3,0.4,2.0,-11.0,-6.0,-27.0,-5.0,19.6
2009-10-01,-185.0,130061.0,-258.0,-130.0,-71.0,-53.0,3.2,-128.0,-48.4,21.0,36.0,24.7,-59.0,73.0,-6.0,-19.7,-15.7,0.8,-5.0,-19.0,-19.0,-40.0,-13.0,32.9
2009-11-01,-4.0,130057.0,-13.0,-46.0,-20.0,-29.0,-3.9,33.0,-17.8,58.0,37.0,29.0,-9.0,9.0,3.0,-10.6,-5.5,-1.6,-12.0,5.0,-10.0,-23.0,-6.0,57.0
2009-12-01,-249.0,129808.0,-198.0,-76.0,-42.0,-33.0,0.6,-122.0,-31.3,4.0,34.0,22.7,-42.0,-51.0,-1.0,-13.8,-49.9,-1.7,-7.0,-11.0,-4.0,-21.0,-12.0,37.3
2010-01-01,-6.0,129802.0,-15.0,-89.0,-74.0,-18.0,7.9,74.0,49.7,22.0,27.0,20.2,-12.0,9.0,3.0,-21.0,20.6,0.1,-6.0,-11.0,5.0,-12.0,-6.0,49.1
2010-02-01,-96.0,129706.0,-81.0,-80.0,-80.0,-8.0,-0.8,-1.0,-1.0,19.0,14.0,13.1,-5.0,-15.0,8.0,-10.1,0.4,-1.2,-2.0,-7.0,-8.0,-5.0,-3.0,10.9
2010-03-01,160.0,129866.0,118.0,44.0,37.0,0.0,0.4,74.0,34.4,-17.0,53.0,35.3,16.0,42.0,7.0,0.0,11.4,-0.5,-18.0,-17.0,11.0,11.0,-11.0,27.5
2010-04-01,254.0,130120.0,203.0,58.0,16.0,36.0,6.3,145.0,-3.9,92.0,11.0,10.6,36.0,51.0,6.0,0.5,6.3,-0.4,-5.0,2.0,7.0,30.0,6.0,28.7
2010-05-01,522.0,130642.0,95.0,12.0,-33.0,36.0,14.3,83.0,8.2,35.0,27.0,16.8,33.0,427.0,9.0,-5.1,11.2,-0.4,-6.0,-13.0,-7.0,27.0,9.0,44.4
2010-06-01,-132.0,130510.0,124.0,20.0,-4.0,18.0,-1.5,104.0,2.9,62.0,30.0,13.1,22.0,-256.0,6.0,3.3,16.9,-1.5,-7.0,-10.0,-15.0,17.0,1.0,27.7
2010-07-01,-95.0,130415.0,76.0,16.0,-8.0,17.0,4.3,60.0,2.8,10.0,12.0,12.7,14.0,-171.0,7.0,2.6,17.4,-1.0,2.0,-12.0,13.0,13.0,4.0,3.6
2010-08-01,0.0,130415.0,149.0,15.0,16.0,-8.0,0.8,134.0,11.9,60.0,36.0,29.0,33.0,-149.0,7.0,2.1,-3.7,0.4,-2.0,-2.0,-2.0,6.0,-14.0,20.6
2010-09-01,-74.0,130341.0,99.0,-6.0,-23.0,11.0,3.0,105.0,6.2,18.0,-7.0,9.2,56.0,-173.0,6.0,5.5,17.4,-2.1,-4.0,7.0,8.0,16.0,-5.0,29.0
2010-10-01,279.0,130620.0,229.0,16.0,7.0,-1.0,0.0,213.0,41.8,69.0,68.0,34.8,-10.0,50.0,10.0,8.4,10.1,1.9,-2.0,1.0,25.0,4.0,-5.0,33.5
2010-11-01,129.0,130749.0,139.0,25.0,-2.0,23.0,3.5,114.0,-15.8,94.0,40.0,29.9,-1.0,-10.0,4.0,5.6,8.9,-0.2,-6.0,-2.0,-10.0,15.0,8.0,25.7
2010-12-01,81.0,130830.0,102.0,-33.0,-39.0,8.0,0.9,135.0,-1.8,71.0,13.0,15.6,31.0,-21.0,-2.0,7.5,24.8,2.1,-7.0,4.0,-9.0,12.0,-4.0,53.0
2011-01-01,7.0,130837.0,15.0,-10.0,-40.0,27.0,8.5,25.0,46.5,10.0,24.0,0.8,-8.0,-8.0,3.0,5.6,-32.8,-1.7,-4.0,-4.0,-11.0,31.0,-4.0,-27.5
2011-02-01,220.0,131057.0,263.0,56.0,24.0,31.0,8.0,207.0,27.2,79.0,17.0,8.8,39.0,-43.0,1.0,11.7,30.9,1.7,-6.0,-3.0,10.0,25.0,6.0,34.3
2011-03-01,226.0,131283.0,249.0,64.0,26.0,22.0,-0.6,185.0,19.7,65.0,13.0,21.6,59.0,-23.0,16.0,17.8,10.5,-0.6,0.0,5.0,-5.0,20.0,2.0,31.2
2011-04-01,314.0,131597.0,322.0,51.0,8.0,30.0,6.3,271.0,64.9,62.0,52.0,36.0,51.0,-8.0,13.0,13.0,18.7,1.0,2.0,-2.0,9.0,27.0,3.0,-5.0
2011-05-01,106.0,131703.0,161.0,49.0,31.0,8.0,-3.9,112.0,1.5,51.0,21.0,23.0,-5.0,-55.0,10.0,5.1,8.2,-0.3,5.0,21.0,4.0,16.0,-8.0,1.9
2011-06-01,228.0,131931.0,193.0,36.0,12.0,13.0,0.9,157.0,33.4,17.0,31.0,24.0,50.0,35.0,11.0,7.4,15.9,-0.4,6.0,-11.0,8.0,17.0,-4.0,-11.9
2011-07-01,61.0,131992.0,176.0,49.0,19.0,19.0,3.0,127.0,38.3,7.0,48.0,36.2,27.0,-115.0,11.0,8.2,2.3,-0.9,-10.0,2.0,5.0,13.0,6.0,-8.8
2011-08-01,133.0,132125.0,165.0,30.0,5.0,19.0,2.1,135.0,1.7,75.0,35.0,28.6,25.0,-32.0,6.0,10.1,6.8,0.2,-43.0,5.0,19.0,15.0,4.0,41.1
2011-09-01,219.0,132344.0,253.0,43.0,32.0,4.0,6.6,210.0,8.5,65.0,50.0,37.3,31.0,-34.0,7.0,3.0,5.3,0.6,44.0,-2.0,5.0,11.0,-7.0,30.4
2011-10-01,209.0,132553.0,194.0,22.0,4.0,10.0,8.3,172.0,12.6,47.0,35.0,22.9,38.0,15.0,8.0,17.0,8.2,-0.8,1.0,13.0,1.0,16.0,-6.0,18.2
2011-11-01,137.0,132690.0,164.0,1.0,5.0,-9.0,1.4,163.0,16.4,36.0,32.0,15.9,47.0,-27.0,5.0,7.0,4.1,0.4,-1.0,13.0,8.0,0.0,-9.0,13.0
2011-12-01,198.0,132888.0,215.0,54.0,18.0,30.0,7.1,161.0,-8.0,68.0,31.0,19.8,27.0,-17.0,6.0,21.0,0.1,0.0,3.0,8.0,11.0,37.0,-7.0,28.2
2012-01-01,358.0,133246.0,366.0,62.0,15.0,37.0,8.1,304.0,59.3,86.0,58.0,53.4,62.0,-8.0,10.0,14.1,18.0,0.8,-14.0,7.0,12.0,30.0,7.0,24.6
2012-02-01,263.0,133509.0,262.0,29.0,3.0,21.0,5.5,233.0,-6.4,70.0,73.0,52.8,41.0,1.0,5.0,10.4,25.9,-0.1,11.0,9.0,0.0,22.0,-1.0,42.0
2012-03-01,239.0,133748.0,243.0,38.0,-4.0,39.0,11.9,205.0,16.2,34.0,44.0,30.2,65.0,-4.0,3.0,7.6,4.8,0.6,2.0,22.0,8.0,26.0,13.0,-4.5
2012-04-01,77.0,133825.0,89.0,11.0,-7.0,17.0,4.6,78.0,7.7,49.0,17.0,16.7,3.0,-12.0,1.0,14.0,-12.1,-0.3,2.0,4.0,-6.0,14.0,3.0,6.1
2012-05-01,107.0,133932.0,127.0,2.0,-14.0,11.0,4.2,125.0,7.9,25.0,37.0,30.5,-4.0,-20.0,5.0,11.6,32.6,0.1,5.0,10.0,0.0,10.0,1.0,9.9
2012-06-01,81.0,134013.0,62.0,24.0,17.0,10.0,4.8,38.0,-19.3,56.0,0.0,7.3,-3.0,19.0,-3.0,4.9,0.2,0.6,-11.0,1.0,9.0,9.0,1.0,23.5
2012-07-01,144.0,134157.0,161.0,36.0,11.0,26.0,13.3,125.0,-10.1,42.0,35.0,27.9,33.0,-17.0,-1.0,10.3,12.2,-6.8,5.0,-4.0,8.0,22.0,4.0,10.5
2012-08-01,182.0,134339.0,179.0,13.0,16.0,-4.0,-5.3,166.0,11.2,34.0,27.0,24.1,69.0,3.0,1.0,0.8,12.3,7.4,-4.0,10.0,-2.0,-10.0,6.0,3.5
2012-09-01,178.0,134517.0,169.0,2.0,13.0,-6.0,-0.4,167.0,27.3,16.0,39.0,37.1,68.0,9.0,-5.0,-4.9,3.9,-0.2,-5.0,12.0,11.0,-10.0,4.0,-30.4
2012-10-01,152.0,134669.0,174.0,10.0,13.0,7.0,-5.2,164.0,16.1,73.0,30.0,42.4,11.0,-22.0,-10.0,13.8,10.5,-0.6,-4.0,10.0,4.0,2.0,5.0,26.8
2012-11-01,156.0,134825.0,176.0,6.0,10.0,-11.0,10.9,170.0,78.4,54.0,5.0,14.1,27.0,-20.0,7.0,2.6,-8.5,-3.8,8.0,6.0,2.0,3.0,-14.0,19.5
2012-12-01,249.0,135074.0,245.0,54.0,40.0,9.0,3.6,191.0,-30.4,37.0,53.0,49.8,68.0,4.0,5.0,6.7,35.6,1.2,3.0,13.0,4.0,16.0,-7.0,3.6
2013-01-01,183.0,135257.0,201.0,49.0,22.0,23.0,3.9,152.0,22.7,42.0,15.0,20.8,59.0,-18.0,4.0,11.7,1.3,0.4,-15.0,8.0,6.0,10.0,13.0,12.2
2013-02-01,289.0,135546.0,277.0,55.0,38.0,12.0,6.1,222.0,24.9,93.0,11.0,24.8,45.0,12.0,5.0,0.8,-1.7,0.4,36.0,15.0,-2.0,8.0,4.0,16.6
2013-03-01,143.0,135689.0,154.0,23.0,18.0,3.0,5.6,131.0,-0.4,56.0,48.0,25.8,31.0,-11.0,2.0,3.6,-6.4,-1.5,2.0,4.0,-5.0,7.0,-4.0,19.6
2013-04-01,184.0,135873.0,185.0,-8.0,-6.0,1.0,1.5,193.0,10.0,62.0,50.0,43.9,39.0,-1.0,-3.0,0.0,14.5,1.6,-4.0,16.0,4.0,3.0,-2.0,13.1
2013-05-01,223.0,136096.0,228.0,37.0,33.0,0.0,5.0,191.0,31.5,54.0,19.0,2.7,41.0,-5.0,4.0,6.7,-3.9,0.8,14.0,12.0,16.0,-1.0,1.0,9.3
2013-06-01,183.0,136279.0,207.0,33.0,26.0,4.0,7.5,174.0,47.5,46.0,6.0,15.8,59.0,-24.0,3.0,3.6,4.3,1.5,-5.0,3.0,8.0,6.0,-2.0,12.6
2013-07-01,112.0,136391.0,137.0,-17.0,4.0,-20.0,-12.3,154.0,44.8,47.0,-9.0,-19.7,36.0,-25.0,-1.0,7.9,-7.9,-2.5,15.0,17.0,5.0,-23.0,3.0,1.6
2013-08-01,255.0,136646.0,239.0,53.0,19.0,30.0,18.3,186.0,45.5,27.0,74.0,58.5,39.0,16.0,4.0,7.6,15.9,-0.5,-29.0,-2.0,9.0,31.0,-1.0,9.6
2013-09-01,175.0,136821.0,171.0,51.0,32.0,18.0,4.9,120.0,27.5,30.0,-14.0,10.3,12.0,4.0,1.0,10.5,26.4,0.0,17.0,1.0,9.0,17.0,1.0,5.4
2013-10-01,220.0,137041.0,225.0,44.0,21.0,23.0,5.3,181.0,27.1,50.0,25.0,9.5,56.0,-5.0,0.0,-8.5,6.0,-0.5,10.0,9.0,7.0,11.0,12.0,1.2
2013-11-01,276.0,137317.0,263.0,53.0,32.0,21.0,6.0,210.0,29.6,68.0,42.0,32.3,37.0,13.0,0.0,10.2,17.6,0.2,4.0,0.0,2.0,12.0,9.0,19.4
2013-12-01,55.0,137372.0,78.0,-27.0,-31.0,6.0,4.5,105.0,55.2,-11.0,-1.0,3.2,22.0,-23.0,-2.0,7.4,11.4,-1.0,5.0,3.0,14.0,3.0,3.0,25.2
2014-01-01,189.0,137561.0,195.0,56.0,53.0,-2.0,-9.9,139.0,-16.1,47.0,37.0,16.2,35.0,-6.0,5.0,13.3,20.7,-1.1,-3.0,-2.0,8.0,-8.0,6.0,-9.6
2014-02-01,151.0,137712.0,140.0,52.0,22.0,26.0,16.3,88.0,-25.3,62.0,16.0,20.9,20.0,11.0,4.0,5.0,-5.1,0.1,-6.0,19.0,2.0,22.0,4.0,27.1
2014-03-01,273.0,137985.0,265.0,47.0,31.0,12.0,1.8,218.0,28.3,47.0,40.0,35.2,55.0,8.0,4.0,5.5,15.8,1.9,7.0,0.0,18.0,15.0,-3.0,12.4
2014-04-01,313.0,138298.0,293.0,66.0,46.0,13.0,-3.2,227.0,38.0,58.0,31.0,19.3,50.0,20.0,7.0,15.7,13.9,-1.0,-4.0,13.0,12.0,10.0,3.0,11.8
2014-05-01,215.0,138513.0,236.0,38.0,25.0,11.0,7.1,198.0,9.2,41.0,52.0,51.0,56.0,-21.0,2.0,5.7,28.3,0.0,-4.0,7.0,3.0,15.0,-4.0,10.4
2014-06-01,336.0,138849.0,273.0,55.0,24.0,26.0,9.4,218.0,40.9,61.0,49.0,25.4,23.0,63.0,5.0,12.5,19.2,0.7,5.0,13.0,-6.0,23.0,3.0,13.9
2014-07-01,223.0,139072.0,217.0,68.0,45.0,19.0,9.1,149.0,23.1,38.0,26.0,37.0,10.0,6.0,4.0,2.3,27.5,0.9,3.0,14.0,4.0,16.0,3.0,17.2
2014-08-01,197.0,139269.0,243.0,51.0,32.0,17.0,-4.2,192.0,8.9,58.0,51.0,45.5,22.0,-46.0,2.0,-1.3,14.7,2.0,8.0,15.0,14.0,13.0,4.0,18.9
2014-09-01,294.0,139563.0,252.0,56.0,32.0,19.0,0.7,196.0,29.6,56.0,40.0,30.2,43.0,42.0,5.0,4.9,13.9,-2.3,1.0,15.0,-6.0,10.0,9.0,20.7
2014-10-01,235.0,139798.0,215.0,44.0,17.0,32.0,2.6,171.0,37.2,29.0,28.0,33.3,43.0,20.0,-5.0,3.2,19.9,0.8,-7.0,10.0,7.0,22.0,10.0,0.8
2014-11-01,291.0,140089.0,276.0,40.0,13.0,27.0,7.7,236.0,25.3,56.0,57.0,57.4,38.0,15.0,0.0,3.6,22.6,0.1,8.0,16.0,10.0,18.0,9.0,6.7
2014-12-01,275.0,140364.0,260.0,23.0,21.0,6.0,3.4,237.0,14.3,79.0,52.0,47.3,43.0,15.0,-4.0,8.1,27.9,1.5,2.0,7.0,2.0,2.0,4.0,17.8
2015-01-01,204.0,140568.0,191.0,19.0,27.0,-1.0,-0.9,172.0,17.6,25.0,68.0,62.4,23.0,13.0,-7.0,2.6,9.3,0.7,3.0,17.0,6.0,-1.0,0.0,5.0
2015-02-01,259.0,140827.0,241.0,38.0,41.0,10.0,3.3,203.0,16.7,44.0,41.0,32.4,57.0,18.0,-13.0,9.3,16.2,-0.2,1.0,11.0,7.0,9.0,1.0,0.8
2015-03-01,96.0,140923.0,104.0,-31.0,-27.0,11.0,3.8,135.0,30.9,29.0,42.0,37.7,9.0,-8.0,-15.0,2.8,13.0,0.4,-4.0,11.0,1.0,4.0,7.0,3.4
2015-04-01,273.0,141196.0,238.0,47.0,58.0,5.0,1.7,191.0,12.5,43.0,73.0,76.1,42.0,35.0,-16.0,-4.3,6.9,0.3,5.0,5.0,7.0,-2.0,7.0,7.8
2015-05-01,342.0,141538.0,335.0,29.0,35.0,15.0,11.2,306.0,35.2,83.0,54.0,51.3,80.0,7.0,-21.0,6.2,22.2,1.2,5.0,11.0,8.0,10.0,5.0,22.2
2015-06-01,171.0,141709.0,168.0,9.0,14.0,1.0,-0.9,159.0,10.5,50.0,55.0,43.3,5.0,3.0,-6.0,0.8,27.1,-0.8,1.0,18.0,-7.0,-1.0,2.0,12.6
2015-07-01,282.0,141991.0,247.0,37.0,31.0,16.0,7.8,210.0,15.0,35.0,41.0,34.9,60.0,35.0,-10.0,-1.6,23.4,0.9,4.0,19.0,13.0,3.0,13.0,-0.4
2015-08-01,134.0,142125.0,124.0,0.0,18.0,-5.0,3.1,124.0,6.4,32.0,36.0,38.9,33.0,10.0,-13.0,1.1,10.8,2.0,-1.0,11.0,-7.0,-1.0,-4.0,2.6
2015-09-01,150.0,142275.0,170.0,12.0,18.0,8.0,5.8,158.0,-9.4,20.0,52.0,47.1,78.0,-20.0,-14.0,-10.0,9.0,-1.4,13.0,7.0,0.0,-2.0,10.0,-4.5
2015-10-01,304.0,142579.0,288.0,37.0,39.0,8.0,0.7,251.0,39.5,75.0,72.0,55.1,37.0,16.0,-10.0,1.1,0.4,-0.8,2.0,15.0,9.0,-3.0,11.0,12.2
2015-11-01,229.0,142808.0,204.0,31.0,51.0,-5.0,-2.0,173.0,6.2,35.0,48.0,37.6,58.0,25.0,-15.0,2.3,15.9,0.5,-15.0,15.0,8.0,-14.0,9.0,-0.9
2015-12-01,269.0,143077.0,253.0,27.0,32.0,4.0,-0.9,226.0,5.3,70.0,58.0,36.2,32.0,16.0,-9.0,-2.7,31.3,-0.6,10.0,7.0,15.0,-7.0,11.0,37.9
2016-01-01,133.0,143210.0,116.0,8.0,1.0,21.0,5.0,108.0,34.0,11.0,30.0,42.5,48.0,17.0,-14.0,3.8,-31.5,-0.1,1.0,18.0,-6.0,12.0,9.0,-43.4
2016-02-01,196.0,143406.0,172.0,-30.0,9.0,-17.0,2.3,202.0,50.3,12.0,53.0,42.1,40.0,24.0,-22.0,-4.3,15.8,1.2,13.0,2.0,19.0,-13.0,-4.0,-3.1
2016-03-01,256.0,143662.0,216.0,-5.0,38.0,-24.0,-0.1,221.0,54.2,24.0,46.0,31.7,41.0,40.0,-19.0,4.5,18.6,-1.7,10.0,17.0,7.0,-22.0,-2.0,0.1
2016-04-01,192.0,143854.0,186.0,23.0,24.0,12.0,9.8,163.0,-2.1,31.0,56.0,39.1,27.0,6.0,-13.0,4.4,15.9,0.2,4.0,22.0,5.0,5.0,7.0,-6.8
2016-05-01,46.0,143900.0,31.0,-46.0,-13.0,-22.0,-2.6,77.0,5.7,7.0,61.0,46.7,21.0,15.0,-11.0,-2.4,15.1,-1.2,-38.0,17.0,-8.0,-25.0,3.0,-16.9
2016-06-01,247.0,144147.0,266.0,20.0,12.0,18.0,1.6,246.0,17.1,42.0,51.0,48.4,56.0,-19.0,-10.0,-4.8,4.2,1.6,50.0,17.0,12.0,-3.0,21.0,16.0
2016-07-01,373.0,144520.0,264.0,50.0,34.0,21.0,18.5,214.0,15.2,46.0,54.0,54.2,40.0,109.0,-5.0,4.4,25.1,0.7,-2.0,22.0,8.0,13.0,8.0,4.1
2016-08-01,141.0,144661.0,146.0,-27.0,1.0,-23.0,-11.3,173.0,17.1,4.0,46.0,44.9,46.0,-5.0,-5.0,2.6,26.6,0.0,4.0,15.0,12.0,-21.0,-2.0,-3.3
2016-09-01,306.0,144967.0,267.0,28.0,32.0,-2.0,-2.0,239.0,7.1,69.0,64.0,44.7,60.0,39.0,-2.0,10.4,-5.0,0.0,14.0,8.0,12.0,-5.0,3.0,22.6
2016-10-01,98.0,145065.0,126.0,29.0,31.0,-1.0,1.9,97.0,1.4,22.0,48.0,29.7,-5.0,-28.0,-1.0,5.2,16.6,0.1,-3.0,5.0,6.0,0.0,-1.0,-6.7
2016-11-01,118.0,145183.0,136.0,22.0,24.0,-5.0,1.2,114.0,-45.0,37.0,38.0,34.7,46.0,-18.0,3.0,1.4,17.4,0.3,-2.0,12.0,9.0,-7.0,2.0,8.8
2016-12-01,225.0,145408.0,198.0,8.0,-5.0,13.0,2.6,190.0,32.8,34.0,63.0,55.6,19.0,27.0,0.0,-4.0,32.1,0.5,5.0,26.0,-18.0,8.0,5.0,3.4
2017-01-01,220.0,145628.0,208.0,32.0,22.0,10.0,4.3,176.0,54.0,41.0,13.0,20.3,29.0,12.0,0.0,5.4,-15.0,-0.9,4.0,27.0,18.0,7.0,3.0,2.0
2017-02-01,218.0,145846.0,208.0,66.0,41.0,16.0,-6.2,142.0,-21.2,18.0,77.0,41.0,43.0,10.0,9.0,2.4,17.0,-0.7,-6.0,1.0,12.0,-3.0,19.0,-5.1
2017-03-01,124.0,145970.0,121.0,36.0,21.0,11.0,5.1,85.0,-29.3,30.0,29.0,19.4,24.0,3.0,4.0,2.7,14.0,-0.2,-2.0,10.0,7.0,6.0,5.0,7.2
2017-04-01,205.0,146175.0,199.0,29.0,14.0,6.0,2.0,170.0,-18.1,31.0,58.0,52.7,65.0,6.0,9.0,2.3,18.6,-0.5,-9.0,17.0,5.0,3.0,3.0,-3.1
2017-05-01,205.0,146380.0,193.0,30.0,15.0,10.0,4.7,163.0,-18.3,62.0,35.0,27.2,40.0,12.0,5.0,-4.3,30.1,-0.9,-3.0,11.0,12.0,9.0,1.0,25.9
2017-06-01,203.0,146583.0,190.0,47.0,31.0,13.0,0.1,143.0,-7.7,33.0,25.0,50.6,41.0,13.0,3.0,4.9,15.2,0.8,10.0,16.0,4.0,8.0,5.0,12.8
2017-07-01,189.0,146772.0,175.0,9.0,6.0,0.0,-20.1,166.0,-8.7,43.0,67.0,48.0,35.0,14.0,3.0,4.5,9.5,-0.4,-2.0,13.0,6.0,-8.0,8.0,8.5
2017-08-01,147.0,146919.0,211.0,82.0,34.0,45.0,23.8,129.0,-6.5,39.0,37.0,19.9,28.0,-64.0,3.0,1.2,12.5,0.3,4.0,11.0,2.0,36.0,9.0,0.1
2017-09-01,89.0,147008.0,66.0,21.0,11.0,8.0,4.9,45.0,-7.2,-3.0,26.0,14.4,-10.0,23.0,2.0,-2.0,31.0,0.4,3.0,4.0,3.0,11.0,-3.0,-8.6
2017-10-01,141.0,147149.0,113.0,33.0,18.0,14.0,2.1,80.0,-7.1,41.0,18.0,19.9,-7.0,28.0,1.0,8.8,17.5,-0.1,-5.0,1.0,13.0,10.0,4.0,15.5
2017-11-01,223.0,147372.0,205.0,57.0,37.0,15.0,4.4,148.0,33.0,16.0,41.0,32.5,27.0,18.0,5.0,-1.0,10.4,-0.4,4.0,8.0,10.0,20.0,-5.0,3.1
2017-12-01,151.0,147523.0,146.0,55.0,23.0,29.0,3.2,91.0,-40.8,39.0,29.0,26.8,23.0,5.0,3.0,3.8,24.2,0.2,3.0,7.0,2.0,24.0,5.0,3.3
2018-01-01,137.0,147660.0,147.0,32.0,2.0,26.0,3.5,115.0,-35.6,58.0,55.0,49.3,26.0,-10.0,4.0,-5.0,8.4,-1.5,-1.0,7.0,4.0,19.0,7.0,3.5
2018-02-01,394.0,148054.0,349.0,124.0,91.0,24.0,4.8,225.0,47.9,39.0,56.0,53.3,22.0,45.0,9.0,2.5,24.0,2.4,2.0,24.0,5.0,22.0,2.0,11.0
2018-03-01,226.0,148280.0,218.0,42.0,10.0,25.0,8.5,176.0,18.1,47.0,29.0,30.5,8.0,8.0,7.0,15.3,38.8,-0.4,7.0,11.0,2.0,26.0,-1.0,3.7
2018-04-01,140.0,148420.0,123.0,45.0,18.0,19.0,-0.9,78.0,-0.5,44.0,23.0,23.5,-13.0,17.0,8.0,-22.3,20.1,1.6,12.0,6.0,8.0,17.0,2.0,7.6
2018-05-01,322.0,148742.0,317.0,94.0,62.0,28.0,-4.1,223.0,15.5,59.0,37.0,35.9,35.0,5.0,4.0,2.9,31.0,-2.1,3.0,30.0,11.0,15.0,13.0,0.8
2018-06-01,218.0,148960.0,185.0,55.0,18.0,33.0,6.6,130.0,-46.3,49.0,32.0,16.6,49.0,33.0,4.0,3.6,21.3,-1.0,-3.0,17.0,9.0,26.0,7.0,1.3
2018-07-01,60.0,149020.0,106.0,46.0,26.0,20.0,-2.5,60.0,-16.6,13.0,28.0,24.5,19.0,-46.0,0.0,14.6,7.9,-3.4,3.0,9.0,-15.0,17.0,3.0,-0.4
2018-08-01,257.0,149277.0,225.0,48.0,29.0,12.0,0.7,177.0,1.9,39.0,58.0,46.1,14.0,32.0,7.0,20.2,34.7,0.6,-1.0,10.0,0.0,8.0,4.0,3.3
2018-09-01,81.0,149358.0,75.0,51.0,28.0,22.0,3.9,24.0,-40.6,33.0,8.0,28.2,-18.0,6.0,1.0,-4.8,20.5,0.0,-2.0,19.0,9.0,19.0,3.0,1.0
2018-10-01,169.0,149527.0,164.0,38.0,14.0,21.0,6.3,126.0,-43.0,26.0,47.0,48.7,31.0,5.0,3.0,5.9,28.3,0.8,12.0,15.0,3.0,20.0,1.0,0.8
2018-11-01,90.0,149617.0,96.0,0.0,-3.0,10.0,-0.4,96.0,44.0,5.0,12.0,25.9,5.0,-6.0,-7.0,5.7,19.2,-0.2,0.0,7.0,-2.0,8.0,2.0,-7.2
2018-12-01,192.0,149809.0,154.0,39.0,10.0,20.0,0.8,115.0,-50.2,20.0,84.0,67.5,51.0,38.0,9.0,7.0,-14.5,-0.8,1.0,10.0,7.0,17.0,3.0,-14.5
2019-01-01,251.0,150060.0,254.0,60.0,29.0,29.0,4.2,194.0,-17.9,5.0,50.0,32.1,76.0,-3.0,2.0,5.6,66.0,0.1,-9.0,11.0,8.0,25.0,4.0,-25.9
2019-02-01,7.0,150067.0,-10.0,-40.0,-30.0,-8.0,-0.4,30.0,-30.7,29.0,21.0,36.0,6.0,17.0,-2.0,5.6,-15.7,-1.4,1.0,13.0,2.0,-5.0,-3.0,-12.9
2019-03-01,228.0,150295.0,184.0,35.0,30.0,6.0,-4.1,149.0,-12.6,28.0,65.0,62.5,10.0,44.0,-1.0,-0.3,12.8,0.7,6.0,20.0,19.0,1.0,5.0,-4.9
2019-04-01,296.0,150591.0,246.0,37.0,43.0,-3.0,-6.9,209.0,-2.5,57.0,66.0,57.0,23.0,50.0,-3.0,6.9,32.5,-2.6,-3.0,16.0,16.0,-5.0,2.0,18.2
2019-05-01,27.0,150618.0,84.0,2.0,10.0,-7.0,1.3,82.0,-17.4,41.0,36.0,32.3,-20.0,-57.0,-1.0,0.4,21.9,1.1,12.0,12.0,-5.0,-10.0,3.0,6.5
2019-06-01,220.0,150838.0,178.0,29.0,24.0,9.0,-1.1,149.0,-21.0,46.0,45.0,40.2,5.0,42.0,-4.0,-3.8,36.1,1.8,17.0,15.0,8.0,1.0,8.0,4.3
2019-07-01,99.0,150937.0,131.0,21.0,24.0,3.0,-7.5,110.0,0.1,19.0,46.0,35.4,10.0,-32.0,-6.0,3.7,12.6,-0.7,-9.0,23.0,5.0,4.0,-1.0,-3.0
2019-08-01,232.0,151169.0,179.0,-6.0,4.0,-1.0,-4.8,185.0,-16.6,34.0,65.0,61.8,80.0,53.0,-9.0,0.2,8.0,-0.6,-1.0,14.0,2.0,-8.0,7.0,12.4
2019-09-01,196.0,151365.0,168.0,13.0,17.0,-2.0,0.0,155.0,9.8,10.0,42.0,42.5,71.0,28.0,-2.0,1.1,14.4,-1.3,6.0,0.0,2.0,-5.0,3.0,7.9
2019-10-01,95.0,151460.0,78.0,-48.0,6.0,-54.0,-45.4,126.0,0.7,11.0,40.0,45.9,49.0,17.0,0.0,5.2,7.3,-1.4,3.0,16.0,-5.0,-55.0,1.0,-18.5
2019-11-01,207.0,151667.0,168.0,20.0,-12.0,44.0,41.1,148.0,-17.6,11.0,63.0,61.3,39.0,39.0,-12.0,-3.0,18.4,1.2,11.0,12.0,13.0,40.0,4.0,-12.3
2019-12-01,127.0,151794.0,110.0,-43.0,-14.0,-17.0,-1.6,153.0,40.5,-20.0,37.0,35.9,44.0,17.0,-12.0,5.4,24.4,0.7,6.0,9.0,6.0,-10.0,-7.0,-14.5
2020-01-01,237.0,152031.0,182.0,19.0,48.0,-15.0,-3.6,163.0,-37.6,9.0,82.0,49.2,18.0,55.0,-14.0,-2.2,59.2,-1.8,10.0,11.0,16.0,-10.0,-5.0,-19.3
2020-02-01,262.0,152293.0,186.0,38.0,35.0,-2.0,7.7,148.0,6.7,7.0,63.0,46.3,66.0,76.0,5.0,-2.8,-42.0,0.4,9.0,39.0,1.0,0.0,-2.0,-29.2
2020-03-01,-1398.0,150895.0,-1368.0,-134.0,-69.0,-59.0,-6.8,-1234.0,-86.3,-95.0,-217.0,-115.3,-731.0,-30.0,-6.0,-17.3,25.1,0.0,-8.0,-17.0,-87.0,-33.0,-26.0,-20.2
2020-04-01,-20469.0,130426.0,-19551.0,-2380.0,-1019.0,-1302.0,-351.8,-17171.0,-2186.0,-2165.0,-2614.0,-2170.7,-7439.0,-918.0,-59.0,-390.5,-513.9,-4.8,-259.0,-263.0,-1336.0,-900.0,-402.0,-917.5
2020-05-01,2614.0,133040.0,3130.0,686.0,482.0,228.0,43.6,2444.0,384.5,187.0,408.0,379.3,1228.0,-516.0,-24.0,14.6,12.7,-0.5,-34.0,15.0,229.0,132.0,96.0,80.0
2020-06-01,4631.0,137671.0,4612.0,479.0,155.0,340.0,194.2,4133.0,820.9,358.0,577.0,480.2,1830.0,19.0,-16.0,41.0,128.6,-2.2,13.0,15.0,352.0,265.0,75.0,193.7
2020-07-01,1584.0,139255.0,1482.0,50.0,37.0,23.0,43.6,1432.0,223.5,185.0,196.0,180.9,638.0,102.0,-10.0,-19.0,63.4,-0.8,0.0,1.0,144.0,21.0,2.0,136.9
2020-08-01,1566.0,140821.0,1080.0,48.0,30.0,26.0,-3.9,1032.0,266.9,194.0,201.0,127.8,158.0,486.0,-8.0,17.1,96.8,1.9,18.0,26.0,53.0,-8.0,34.0,117.1
2020-09-01,949.0,141770.0,1020.0,85.0,27.0,58.0,12.1,935.0,38.4,120.0,65.0,113.1,492.0,-71.0,0.0,26.3,66.2,1.7,55.0,25.0,45.0,42.0,16.0,20.6
2020-10-01,690.0,142460.0,814.0,72.0,48.0,29.0,0.1,742.0,109.2,188.0,89.0,87.0,238.0,-124.0,-5.0,11.6,81.4,-1.1,-11.0,17.0,20.0,10.0,19.0,96.5
2020-11-01,273.0,142733.0,395.0,50.0,20.0,32.0,19.7,345.0,36.5,147.0,59.0,55.9,-43.0,-122.0,-2.0,13.1,115.3,0.0,12.0,15.0,-10.0,25.0,7.0,80.4
2020-12-01,-185.0,142548.0,-180.0,74.0,36.0,35.0,5.2,-254.0,17.4,168.0,-3.0,57.6,-462.0,-5.0,3.0,8.8,19.8,-0.1,16.0,12.0,-31.0,16.0,19.0,74.2
2021-01-01,315.0,142863.0,252.0,-14.0,5.0,-11.0,7.1,266.0,21.7,152.0,28.0,-63.2,3.0,63.0,-8.0,8.2,12.4,1.0,35.0,4.0,1.0,-9.0,-2.0,55.1
2021-02-01,517.0,143380.0,504.0,-64.0,-84.0,30.0,3.6,568.0,23.0,77.0,51.0,39.2,341.0,13.0,-10.0,11.5,41.5,-0.4,17.0,-4.0,10.0,21.0,9.0,25.0
2021-03-01,852.0,144232.0,762.0,192.0,121.0,57.0,10.1,570.0,43.9,110.0,123.0,80.7,156.0,90.0,14.0,14.9,86.8,1.2,6.0,18.0,11.0,40.0,17.0,39.0
2021-04-01,355.0,144587.0,306.0,-33.0,1.0,-36.0,-53.0,339.0,-43.4,-6.0,48.0,42.5,270.0,49.0,2.0,17.7,-12.3,1.3,26.0,14.0,23.0,-32.0,-4.0,-52.1
2021-05-01,478.0,145065.0,442.0,16.0,-9.0,23.0,22.2,426.0,2.1,73.0,32.0,9.6,234.0,36.0,2.0,20.6,21.4,-0.1,20.0,11.0,12.0,18.0,5.0,-10.2
2021-06-01,755.0,145820.0,653.0,35.0,2.0,31.0,1.8,618.0,53.3,81.0,26.0,-5.8,283.0,102.0,2.0,27.9,58.8,0.1,8.0,12.0,68.0,29.0,2.0,50.3
2021-07-01,942.0,146762.0,934.0,92.0,32.0,58.0,18.3,842.0,-6.6,161.0,42.0,8.0,410.0,8.0,2.0,23.4,63.7,0.8,57.0,35.0,56.0,40.0,18.0,32.4
2021-08-01,552.0,147314.0,455.0,59.0,7.0,48.0,16.0,396.0,-22.2,117.0,24.0,-1.3,126.0,97.0,4.0,20.7,52.7,-0.5,22.0,18.0,38.0,31.0,17.0,7.0
2021-09-01,457.0,147771.0,491.0,93.0,52.0,40.0,-1.7,398.0,64.1,101.0,-3.0,7.3,125.0,-34.0,1.0,14.5,49.8,0.9,14.0,25.0,7.0,27.0,13.0,9.9
2021-10-01,801.0,148572.0,876.0,97.0,34.0,60.0,30.0,779.0,68.0,237.0,95.0,35.3,203.0,-75.0,3.0,15.4,71.5,0.5,21.0,28.0,39.0,39.0,21.0,117.2
2021-11-01,658.0,149230.0,639.0,92.0,44.0,45.0,-6.5,547.0,58.9,146.0,45.0,30.4,122.0,19.0,3.0,26.2,77.0,1.0,19.0,32.0,20.0,19.0,26.0,27.2
2021-12-01,586.0,149816.0,570.0,77.0,33.0,39.0,0.3,493.0,14.7,110.0,41.0,33.9,175.0,16.0,5.0,28.0,68.8,0.3,10.0,27.0,19.0,21.0,18.0,29.3
2022-01-01,190.0,150006.0,203.0,28.0,0.0,27.0,3.3,175.0,6.9,54.0,-17.0,-23.2,83.0,-13.0,1.0,23.5,22.3,2.8,17.0,-4.0,-14.0,23.0,4.0,-2.5
2022-02-01,819.0,150825.0,836.0,96.0,56.0,37.0,-23.0,740.0,108.8,189.0,115.0,96.1,133.0,-17.0,3.0,24.9,75.4,0.6,6.0,42.0,45.0,8.0,29.0,69.6
2022-03-01,490.0,151315.0,489.0,122.0,41.0,73.0,24.5,367.0,-0.3,111.0,73.0,60.2,61.0,1.0,8.0,37.2,28.0,0.7,28.0,26.0,3.0,55.0,18.0,14.4
2022-04-01,308.0,151623.0,272.0,65.0,6.0,52.0,9.2,207.0,-49.1,-15.0,60.0,64.3,103.0,36.0,7.0,31.6,17.2,2.2,16.0,35.0,6.0,31.0,21.0,-28.8
2022-05-01,301.0,151924.0,245.0,53.0,40.0,9.0,-13.5,192.0,-69.3,35.0,59.0,53.7,78.0,56.0,4.0,25.4,19.3,1.8,23.0,12.0,8.0,0.0,9.0,-19.6
2022-06-01,434.0,152358.0,417.0,63.0,23.0,32.0,3.5,354.0,45.9,61.0,91.0,78.8,90.0,17.0,8.0,16.9,9.2,1.4,19.0,10.0,9.0,12.0,20.0,-6.1
2022-07-01,714.0,153072.0,550.0,70.0,31.0,33.0,3.1,480.0,26.0,94.0,128.0,103.4,137.0,164.0,6.0,14.6,12.4,3.3,18.0,14.0,33.0,25.0,8.0,-11.8
2022-08-01,290.0,153362.0,290.0,39.0,9.0,32.0,17.0,251.0,31.2,39.0,73.0,68.1,59.0,0.0,-2.0,23.1,-10.4,2.4,3.0,19.0,12.0,35.0,-3.0,-14.3
2022-09-01,220.0,153582.0,229.0,50.0,31.0,17.0,0.9,179.0,-23.6,47.0,84.0,81.5,62.0,-9.0,2.0,5.7,-12.1,1.4,-2.0,5.0,11.0,10.0,7.0,0.8
2022-10-01,357.0,153939.0,361.0,53.0,15.0,34.0,7.4,308.0,13.8,39.0,90.0,88.7,90.0,-4.0,4.0,12.4,12.5,2.4,5.0,25.0,18.0,26.0,8.0,-11.1
2022-11-01,303.0,154242.0,217.0,35.0,16.0,13.0,2.1,182.0,18.2,9.0,87.0,76.1,41.0,86.0,6.0,6.0,-22.8,0.6,15.0,14.0,14.0,10.0,3.0,-33.8
2022-12-01,100.0,154342.0,114.0,24.0,22.0,-1.0,4.6,90.0,3.7,-18.0,44.0,86.6,62.0,-14.0,3.0,10.4,-9.5,1.1,-23.0,10.0,9.0,19.0,-20.0,-68.1
2023-01-01,434.0,154776.0,315.0,62.0,47.0,8.0,-4.1,253.0,17.4,17.0,110.0,85.9,107.0,119.0,7.0,13.6,7.8,-0.4,-31.0,-2.0,14.0,5.0,3.0,-1.3
2023-02-01,290.0,155066.0,236.0,5.0,11.0,-5.0,2.0,231.0,51.3,46.0,73.0,66.5,79.0,54.0,-1.0,16.3,-29.4,0.2,-13.0,8.0,0.0,-4.0,-1.0,-18.0
2023-03-01,68.0,155134.0,26.0,-26.0,-17.0,-10.0,-2.3,52.0,-39.8,-5.0,77.0,70.8,19.0,42.0,1.0,4.7,-10.6,3.1,1.0,-2.0,4.0,-4.0,-6.0,-28.3
2023-04-01,241.0,155375.0,179.0,28.0,29.0,-4.0,4.9,151.0,-6.8,5.0,80.0,68.5,37.0,62.0,3.0,-2.9,2.9,3.0,-6.0,30.0,9.0,-5.0,1.0,-14.2
2023-05-01,280.0,155655.0,200.0,0.0,10.0,-15.0,-2.7,200.0,-0.1,13.0,108.0,73.0,46.0,80.0,5.0,7.0,23.4,0.6,-9.0,-5.0,16.0,-9.0,-6.0,-8.0
2023-06-01,225.0,155880.0,155.0,45.0,41.0,6.0,-0.8,110.0,-22.7,-24.0,93.0,81.8,61.0,70.0,-2.0,2.5,-11.2,0.8,-13.0,7.0,17.0,13.0,-7.0,-31.0
2023-07-01,163.0,156043.0,118.0,-1.0,10.0,-13.0,-2.5,119.0,6.3,-47.0,121.0,112.4,22.0,45.0,2.0,11.5,0.0,-1.5,-20.0,11.0,15.0,-2.0,-11.0,-33.9
2023-08-01,218.0,156261.0,148.0,24.0,26.0,-1.0,-2.2,124.0,-8.3,-11.0,109.0,100.1,35.0,70.0,-1.0,4.2,-14.9,2.9,-20.0,0.0,28.0,4.0,-5.0,-24.1
2023-09-01,156.0,156417.0,115.0,22.0,11.0,11.0,5.3,93.0,0.1,-25.0,97.0,85.0,-8.0,41.0,0.0,9.2,20.8,2.5,-6.0,-7.0,9.0,0.0,11.0,-22.2
2023-10-01,159.0,156576.0,114.0,-10.0,27.0,-35.0,-29.1,124.0,12.6,-28.0,94.0,77.5,46.0,45.0,-2.0,1.5,16.9,1.9,-24.0,-7.0,10.0,-39.0,4.0,-14.6
2023-11-01,127.0,156703.0,84.0,27.0,8.0,22.0,27.3,57.0,-32.6,-54.0,118.0,106.2,5.0,43.0,-3.0,4.9,-1.2,0.9,11.0,-7.0,12.0,27.0,-5.0,-38.3
2023-12-01,154.0,156857.0,99.0,27.0,12.0,13.0,1.3,72.0,39.6,-18.0,82.0,73.3,10.0,55.0,2.0,0.5,-50.4,2.5,1.0,4.0,1.0,12.0,1.0,-48.9
2024-01-01,175.0,157032.0,126.0,21.0,23.0,3.0,-0.2,105.0,-26.9,25.0,98.0,76.9,12.0,49.0,-5.0,-6.8,1.9,1.6,0.0,-11.0,11.0,-6.0,9.0,8.6
2024-02-01,206.0,157238.0,135.0,-14.0,9.0,-23.0,-9.0,149.0,4.5,-10.0,97.0,95.6,28.0,71.0,0.0,-5.5,37.8,3.5,-5.0,-14.0,13.0,-19.0,-4.0,-18.1
2024-03-01,228.0,157466.0,143.0,19.0,32.0,-16.0,1.7,124.0,0.8,-27.0,95.0,85.4,36.0,85.0,3.0,6.7,9.8,-1.1,-7.0,-2.0,13.0,-11.0,-5.0,-6.0
2024-04-01,64.0,157530.0,63.0,-5.0,6.0,-3.0,-2.7,68.0,1.9,-15.0,88.0,82.6,-18.0,1.0,-8.0,0.3,21.3,0.6,-11.0,-5.0,4.0,-5.0,2.0,-15.2
2024-05-01,78.0,157608.0,45.0,-6.0,6.0,-8.0,-1.6,51.0,4.8,17.0,70.0,65.4,-31.0,33.0,-4.0,-18.4,13.2,1.2,-10.0,3.0,2.0,-7.0,-1.0,-13.6
2024-06-01,87.0,157695.0,78.0,5.0,20.0,-11.0,1.9,73.0,-36.1,-27.0,91.0,69.1,13.0,9.0,-4.0,2.8,2.6,1.8,0.0,12.0,13.0,-13.0,2.0,-25.9
2024-07-01,53.0,157748.0,-8.0,6.0,12.0,-8.0,3.7,-14.0,-19.1,-22.0,41.0,48.2,7.0,61.0,2.0,-1.5,-1.2,0.1,-13.0,-5.0,-1.0,-8.0,0.0,-17.3
2024-08-01,9.0,157757.0,-27.0,-8.0,28.0,-34.0,-15.4,-19.0,-22.4,-40.0,58.0,44.8,-5.0,36.0,-2.0,-4.2,-2.8,1.3,-8.0,8.0,-4.0,-30.0,-4.0,-15.6
2024-09-01,155.0,157912.0,142.0,6.0,18.0,-14.0,-6.4,136.0,-1.7,-19.0,118.0,86.9,30.0,13.0,2.0,-6.8,16.2,3.2,-6.0,0.0,2.0,-9.0,-5.0,-18.7
2024-10-01,33.0,157945.0,-4.0,-53.0,8.0,-61.0,-3.4,49.0,-4.3,-39.0,95.0,81.2,23.0,37.0,0.0,-4.6,-9.2,-0.7,-16.0,2.0,3.0,-51.0,-10.0,-16.2
2024-11-01,134.0,158079.0,116.0,21.0,5.0,14.0,-2.0,95.0,-42.6,13.0,84.0,76.8,24.0,18.0,2.0,-5.3,9.4,0.2,-2.0,9.0,6.0,25.0,-11.0,2.2
2024-12-01,237.0,158316.0,212.0,-11.0,9.0,-18.0,-6.4,223.0,50.3,33.0,75.0,69.8,39.0,25.0,-2.0,2.6,3.6,-0.6,10.0,6.0,4.0,-20.0,2.0,-8.1
2025-01-01,-48.0,158268.0,-76.0,-32.0,-12.0,-20.0,-12.3,-44.0,-0.8,-52.0,61.0,59.0,-30.0,28.0,0.0,-18.8,1.7,1.1,-18.0,8.0,3.0,-17.0,-3.0,-2.6
2025-02-01,42.0,158310.0,40.0,1.0,3.0,-2.0,4.0,39.0,-17.5,-7.0,58.0,47.9,-36.0,2.0,0.0,2.6,24.2,1.8,-1.0,12.0,2.0,1.0,-3.0,-6.3
2025-03-01,67.0,158377.0,67.0,-1.0,6.0,-5.0,-4.2,68.0,15.7,-16.0,68.0,67.7,27.0,0.0,-2.0,-13.9,-17.4,1.6,-9.0,2.0,10.0,-5.0,0.0,-4.7
2025-04-01,108.0,158485.0,99.0,-4.0,-2.0,-4.0,-3.2,103.0,4.1,13.0,84.0,76.0,13.0,9.0,2.0,4.9,-16.3,-1.3,-2.0,4.0,0.0,-1.0,-3.0,-0.8
2025-05-01,13.0,158498.0,20.0,-17.0,-2.0,-11.0,2.2,37.0,-21.6,-20.0,60.0,65.0,3.0,-7.0,-4.0,0.8,0.1,2.6,-1.0,6.0,7.0,-8.0,-3.0,-14.4
2025-06-01,-20.0,158478.0,-45.0,-19.0,-2.0,-15.0,-3.3,-26.0,-14.5,-31.0,49.0,60.5,-2.0,25.0,-2.0,-10.4,0.0,0.5,-1.0,-7.0,-10.0,-12.0,-3.0,-8.5
2025-07-01,64.0,158542.0,65.0,-23.0,-6.0,-11.0,4.4,88.0,4.7,-16.0,87.0,82.6,11.0,-1.0,-6.0,-5.7,3.9,0.4,-2.0,0.0,5.0,1.0,-12.0,-10.4
2025-08-01,-70.0,158472.0,-20.0,-35.0,-22.0,-10.0,-12.2,15.0,10.1,-28.0,23.0,22.8,22.0,-50.0,-3.0,-8.6,-1.6,-1.2,-1.0,-19.0,19.0,-15.0,5.0,-10.9
2025-09-01,76.0,158548.0,68.0,11.0,16.0,-3.0,-2.3,57.0,13.1,-16.0,54.0,55.3,37.0,8.0,-2.0,8.8,-39.3,0.0,-1.0,4.0,-3.0,-5.0,2.0,-11.7
2025-10-01,-140.0,158408.0,13.0,-20.0,-12.0,-9.0,-5.3,33.0,-15.4,-24.0,44.0,47.6,41.0,-153.0,1.0,2.8,0.6,0.5,-6.0,-5.0,-6.0,-9.0,0.0,-19.8
2025-11-01,41.0,158449.0,72.0,25.0,36.0,-10.0,-0.3,47.0,-0.9,56.0,56.0,59.9,-12.0,-31.0,-1.0,-6.4,-58.9,1.9,-5.0,1.0,16.0,-3.0,-7.0,13.7
2025-12-01,-17.0,158432.0,-7.0,-21.0,-7.0,-13.0,-4.3,14.0,-23.6,-19.0,38.0,41.8,25.0,-10.0,-1.0,-5.7,-4.8,0.7,-6.0,1.0,8.0,-5.0,-8.0,-14.1
2026-01-01,160.0,158592.0,180.0,45.0,45.0,2.0,1.3,135.0,12.7,36.0,119.0,106.9,5.0,-20.0,-2.0,2.1,22.6,0.2,-27.0,-39.0,3.0,6.0,-4.0,18.8
2026-02-01,-133.0,158459.0,-129.0,-20.0,-13.0,-6.0,-0.1,-109.0,-8.0,7.0,-42.0,-27.8,-11.0,-4.0,-1.0,6.7,-48.5,1.5,-21.0,2.0,5.0,1.0,-7.0,-0.1
2026-03-01,178.0,158637.0,186.0,43.0,26.0,15.0,0.6,143.0,9.7,2.0,91.0,89.9,44.0,-8.0,2.0,3.3,21.0,-1.2,-3.0,-15.0,-9.0,15.0,0.0,4.4
