date,Civilian employment,Labor force,Unemployment rate,"Unemployment rate, 25+",U-5 unemployment rate,U-6 unemployment rate,Labor force participation rate,Employment-to-population ratio,Total unemployment,Part-time for economic reasons,Part-time for non-economic reasons,Job losers on temporary layoff,Permanent job losers,Not at work due to bad weather,Not at work — other,"LFPR, prime age (25–54)","LFPR, prime age men (25–54)","LFPR, prime age women (25–54)","EPOP, prime age (25–54)",Job losers (total),Job leavers,New entrants,Reentrants
2000-01-01,136559.0,142267.0,4.0,3.0,4.8,7.0,67.3,64.6,5708.0,3208.0,18961.0,753.0,1165.0,236.0,1207.0,84.4,92.1,77.0,81.8,2527.0,771.0,394.0,2046.0
2000-02-01,136598.0,142456.0,4.1,3.0,4.9,7.1,67.3,64.6,5858.0,3167.0,19060.0,849.0,1171.0,267.0,1281.0,84.4,92.2,76.9,81.8,2655.0,767.0,420.0,1991.0
2000-03-01,136701.0,142434.0,4.0,3.0,4.8,7.1,67.3,64.6,5733.0,3231.0,18939.0,816.0,1155.0,258.0,1219.0,84.3,91.9,77.1,81.7,2521.0,818.0,429.0,1982.0
2000-04-01,137270.0,142751.0,3.8,2.9,4.7,6.9,67.3,64.7,5481.0,3186.0,18712.0,707.0,1083.0,331.0,1216.0,84.4,91.7,77.3,81.9,2298.0,826.0,406.0,1919.0
2000-05-01,136630.0,142388.0,4.0,3.0,4.8,7.1,67.1,64.4,5758.0,3283.0,18626.0,868.0,1076.0,280.0,1113.0,84.1,91.5,77.0,81.5,2460.0,784.0,466.0,2050.0
2000-06-01,136940.0,142591.0,4.0,3.0,4.7,7.0,67.1,64.5,5651.0,3209.0,18420.0,976.0,1074.0,309.0,1142.0,84.1,91.7,76.8,81.5,2442.0,689.0,427.0,2046.0
2000-07-01,136531.0,142278.0,4.0,3.0,4.8,7.0,66.9,64.2,5747.0,3144.0,18547.0,863.0,1117.0,266.0,1172.0,83.9,91.5,76.6,81.3,2477.0,816.0,433.0,1986.0
2000-08-01,136662.0,142514.0,4.1,3.1,4.8,7.1,66.9,64.2,5853.0,3211.0,18545.0,921.0,1200.0,203.0,1097.0,83.8,91.5,76.3,81.1,2641.0,779.0,499.0,1953.0
2000-09-01,136893.0,142518.0,3.9,3.0,4.7,7.0,66.9,64.2,5625.0,3217.0,18606.0,861.0,1149.0,253.0,1166.0,83.7,91.3,76.4,81.1,2524.0,789.0,415.0,1812.0
2000-10-01,137088.0,142622.0,3.9,2.9,4.6,6.8,66.8,64.2,5534.0,3179.0,18895.0,822.0,1131.0,232.0,1044.0,83.6,91.2,76.3,81.1,2462.0,817.0,402.0,1880.0
2000-11-01,137322.0,142962.0,3.9,3.0,4.7,7.1,66.9,64.3,5639.0,3467.0,19006.0,894.0,1034.0,236.0,1100.0,83.8,91.4,76.5,81.3,2518.0,782.0,419.0,1960.0
2000-12-01,137614.0,143248.0,3.9,2.9,4.7,6.9,67.0,64.4,5634.0,3243.0,19187.0,973.0,997.0,269.0,1125.0,83.9,91.6,76.5,81.4,2612.0,714.0,490.0,1879.0
2001-01-01,137778.0,143800.0,4.2,3.2,5.0,7.3,67.2,64.4,6023.0,3332.0,18869.0,1024.0,1168.0,301.0,1295.0,84.1,91.7,76.9,81.4,2803.0,825.0,444.0,1972.0
2001-02-01,137612.0,143701.0,4.2,3.2,5.1,7.3,67.1,64.3,6089.0,3296.0,19307.0,961.0,1331.0,287.0,1337.0,84.1,91.6,76.8,81.3,2902.0,829.0,396.0,1937.0
2001-03-01,137783.0,143924.0,4.3,3.2,5.0,7.3,67.2,64.3,6141.0,3280.0,18888.0,1012.0,1397.0,349.0,1109.0,84.1,91.5,76.9,81.3,3053.0,814.0,378.0,1896.0
2001-04-01,137299.0,143569.0,4.4,3.3,5.1,7.4,66.9,64.0,6271.0,3289.0,18762.0,1045.0,1478.0,349.0,1131.0,83.7,91.4,76.3,80.9,3084.0,754.0,457.0,1948.0
2001-05-01,137092.0,143318.0,4.3,3.3,5.1,7.5,66.7,63.8,6226.0,3439.0,18668.0,1072.0,1546.0,328.0,1157.0,83.8,91.4,76.4,80.8,3171.0,819.0,468.0,1805.0
2001-06-01,136873.0,143357.0,4.5,3.5,5.3,7.9,66.7,63.7,6484.0,3792.0,18494.0,1015.0,1686.0,294.0,1170.0,83.6,91.3,76.2,80.6,3300.0,809.0,467.0,1899.0
2001-07-01,137071.0,143654.0,4.6,3.5,5.4,7.9,66.8,63.7,6583.0,3556.0,18699.0,1002.0,1773.0,310.0,1232.0,83.6,91.2,76.2,80.5,3357.0,806.0,448.0,1950.0
2001-08-01,136241.0,143284.0,4.9,3.8,5.8,8.2,66.5,63.2,7042.0,3380.0,18839.0,1070.0,1826.0,337.0,1364.0,83.5,91.1,76.2,80.2,3485.0,885.0,485.0,2197.0
2001-09-01,136846.0,143989.0,5.0,3.9,5.8,8.7,66.8,63.5,7142.0,4233.0,18838.0,1164.0,1860.0,285.0,1335.0,83.5,91.1,76.2,80.2,3630.0,837.0,473.0,2136.0
2001-10-01,136392.0,144086.0,5.3,4.2,6.3,9.3,66.7,63.2,7694.0,4437.0,18787.0,1329.0,2185.0,331.0,1398.0,83.6,91.3,76.1,79.9,4328.0,884.0,481.0,2123.0
2001-11-01,136238.0,144240.0,5.5,4.4,6.4,9.4,66.7,63.0,8003.0,4317.0,18697.0,1192.0,2471.0,328.0,1331.0,83.5,91.0,76.2,79.7,4476.0,853.0,495.0,2208.0
2001-12-01,136047.0,144305.0,5.7,4.5,6.6,9.6,66.7,62.9,8258.0,4393.0,18844.0,1117.0,2526.0,348.0,1330.0,83.7,91.2,76.3,79.8,4455.0,902.0,515.0,2387.0
2002-01-01,135701.0,143883.0,5.7,4.5,6.6,9.4,66.5,62.7,8182.0,4112.0,18402.0,1159.0,2637.0,328.0,1532.0,83.5,91.1,76.1,79.6,4491.0,891.0,484.0,2275.0
2002-02-01,136438.0,144653.0,5.7,4.5,6.5,9.5,66.8,63.0,8215.0,4289.0,18774.0,1128.0,2532.0,375.0,1423.0,83.7,91.3,76.4,79.8,4449.0,880.0,507.0,2314.0
2002-03-01,136177.0,144481.0,5.7,4.5,6.6,9.4,66.6,62.8,8304.0,4101.0,18807.0,1097.0,2594.0,330.0,1358.0,83.5,91.3,76.1,79.6,4441.0,891.0,538.0,2460.0
2002-04-01,136126.0,144725.0,5.9,4.8,6.9,9.7,66.7,62.7,8599.0,4199.0,19032.0,1137.0,2707.0,320.0,1397.0,83.6,91.2,76.2,79.5,4624.0,993.0,527.0,2396.0
2002-05-01,136539.0,144938.0,5.8,4.8,6.8,9.6,66.7,62.9,8399.0,4103.0,18943.0,1130.0,2741.0,414.0,1467.0,83.6,91.3,76.1,79.4,4650.0,895.0,497.0,2398.0
2002-06-01,136415.0,144808.0,5.8,4.7,6.7,9.5,66.6,62.7,8393.0,4048.0,19043.0,1079.0,2779.0,342.0,1380.0,83.2,91.0,75.7,79.2,4639.0,829.0,549.0,2383.0
2002-07-01,136413.0,144803.0,5.8,4.6,6.8,9.6,66.5,62.7,8390.0,4145.0,19057.0,1175.0,2664.0,405.0,1507.0,83.1,90.9,75.5,79.1,4608.0,834.0,545.0,2371.0
2002-08-01,136705.0,145009.0,5.7,4.6,6.7,9.6,66.6,62.7,8304.0,4301.0,18874.0,1167.0,2675.0,378.0,1456.0,83.2,91.1,75.7,79.3,4591.0,848.0,612.0,2295.0
2002-09-01,137302.0,145552.0,5.7,4.5,6.6,9.6,66.7,63.0,8251.0,4329.0,18968.0,1056.0,2670.0,392.0,1501.0,83.3,91.1,75.8,79.4,4544.0,796.0,536.0,2320.0
2002-10-01,137008.0,145314.0,5.7,4.6,6.6,9.6,66.6,62.7,8307.0,4314.0,18696.0,1102.0,2746.0,359.0,1416.0,83.2,91.0,75.7,79.2,4698.0,865.0,479.0,2351.0
2002-11-01,136521.0,145041.0,5.9,4.7,6.8,9.8,66.4,62.5,8520.0,4329.0,18715.0,1087.0,2815.0,385.0,1401.0,82.9,90.6,75.4,78.8,4743.0,814.0,591.0,2382.0
2002-12-01,136426.0,145066.0,6.0,4.8,6.9,9.8,66.3,62.4,8640.0,4321.0,18715.0,1114.0,2781.0,403.0,1432.0,83.1,90.6,75.8,79.0,4775.0,873.0,535.0,2465.0
2003-01-01,137417.0,145937.0,5.8,4.7,6.8,9.9,66.4,62.5,8520.0,4607.0,19095.0,1105.0,2729.0,449.0,1598.0,82.9,90.2,75.8,78.9,4713.0,841.0,599.0,2389.0
2003-02-01,137482.0,146100.0,5.9,4.8,6.9,10.1,66.4,62.5,8618.0,4844.0,18685.0,1127.0,2802.0,450.0,1590.0,83.0,90.5,75.8,78.9,4786.0,771.0,584.0,2411.0
2003-03-01,137434.0,146022.0,5.9,4.8,6.9,10.0,66.3,62.4,8588.0,4652.0,19025.0,1142.0,2762.0,474.0,1577.0,83.1,90.4,76.1,79.0,4758.0,815.0,630.0,2416.0
2003-04-01,137633.0,146474.0,6.0,4.9,7.0,10.2,66.4,62.4,8842.0,4798.0,19032.0,1128.0,2771.0,437.0,1399.0,83.2,90.7,76.0,79.1,4807.0,823.0,635.0,2547.0
2003-05-01,137544.0,146500.0,6.1,4.9,7.1,10.1,66.4,62.3,8957.0,4570.0,18994.0,1251.0,2895.0,482.0,1428.0,83.1,90.6,75.9,78.9,5102.0,776.0,630.0,2504.0
2003-06-01,137790.0,147056.0,6.3,5.1,7.2,10.3,66.5,62.3,9266.0,4592.0,19232.0,1156.0,2866.0,478.0,1468.0,83.3,90.7,76.1,78.9,4983.0,871.0,661.0,2713.0
2003-07-01,137474.0,146485.0,6.2,4.9,7.1,10.3,66.2,62.1,9011.0,4648.0,18937.0,1117.0,2975.0,470.0,1566.0,83.0,90.6,75.6,78.8,4955.0,787.0,669.0,2525.0
2003-08-01,137549.0,146445.0,6.1,5.0,7.1,10.1,66.1,62.1,8896.0,4419.0,19381.0,1105.0,3089.0,503.0,1665.0,83.0,90.7,75.6,78.7,4994.0,789.0,652.0,2489.0
2003-09-01,137609.0,146530.0,6.1,4.9,7.1,10.4,66.1,62.0,8921.0,4882.0,19066.0,1148.0,3023.0,388.0,1544.0,82.8,90.7,75.3,78.6,4959.0,837.0,686.0,2414.0
2003-10-01,137984.0,146716.0,6.0,4.9,7.0,10.2,66.1,62.1,8732.0,4813.0,18874.0,1101.0,2864.0,462.0,1586.0,82.9,90.7,75.3,78.6,4827.0,804.0,636.0,2497.0
2003-11-01,138424.0,147000.0,5.8,4.8,6.8,10.1,66.1,62.3,8576.0,4862.0,19153.0,1069.0,2726.0,457.0,1473.0,82.8,90.7,75.2,78.7,4671.0,922.0,593.0,2396.0
2003-12-01,138411.0,146729.0,5.7,4.6,6.6,9.8,65.9,62.2,8317.0,4750.0,18648.0,1048.0,2648.0,433.0,1483.0,82.8,90.7,75.1,78.8,4510.0,785.0,693.0,2352.0
2004-01-01,138472.0,146842.0,5.7,4.6,6.7,9.8,66.1,62.3,8370.0,4705.0,18967.0,1032.0,2583.0,432.0,1670.0,82.8,90.7,75.2,78.9,4383.0,817.0,676.0,2550.0
2004-02-01,138542.0,146709.0,5.6,4.5,6.6,9.7,66.0,62.3,8167.0,4549.0,19037.0,1051.0,2538.0,484.0,1691.0,82.7,90.4,75.2,78.8,4276.0,822.0,666.0,2402.0
2004-03-01,138453.0,146944.0,5.8,4.7,6.8,10.0,66.0,62.2,8491.0,4742.0,19150.0,1021.0,2721.0,514.0,1643.0,82.8,90.2,75.5,78.7,4562.0,864.0,631.0,2447.0
2004-04-01,138680.0,146850.0,5.6,4.5,6.6,9.6,65.9,62.3,8170.0,4568.0,19136.0,995.0,2528.0,492.0,1526.0,82.7,90.3,75.4,78.9,4334.0,837.0,652.0,2327.0
2004-05-01,138852.0,147065.0,5.6,4.4,6.6,9.7,66.0,62.3,8212.0,4588.0,19632.0,956.0,2415.0,476.0,1533.0,82.8,90.5,75.3,79.0,4192.0,841.0,718.0,2469.0
2004-06-01,139174.0,147460.0,5.6,4.5,6.6,9.6,66.1,62.4,8286.0,4443.0,19534.0,993.0,2400.0,478.0,1492.0,82.9,90.5,75.5,79.1,4105.0,914.0,649.0,2565.0
2004-07-01,139556.0,147692.0,5.5,4.4,6.5,9.5,66.1,62.5,8136.0,4449.0,19707.0,1045.0,2325.0,504.0,1557.0,83.0,90.7,75.4,79.2,4210.0,894.0,702.0,2280.0
2004-08-01,139573.0,147564.0,5.4,4.3,6.4,9.4,66.0,62.4,7990.0,4474.0,19595.0,1000.0,2107.0,534.0,1587.0,82.7,90.5,75.1,79.0,4003.0,878.0,704.0,2398.0
2004-09-01,139487.0,147415.0,5.4,4.3,6.4,9.4,65.8,62.3,7927.0,4487.0,19395.0,940.0,2216.0,412.0,1561.0,82.7,90.4,75.2,79.0,4031.0,814.0,695.0,2375.0
2004-10-01,139732.0,147793.0,5.5,4.2,6.5,9.7,65.9,62.3,8061.0,4820.0,19717.0,939.0,2260.0,429.0,1647.0,82.6,90.2,75.1,79.0,4069.0,825.0,734.0,2397.0
2004-11-01,140231.0,148162.0,5.4,4.3,6.3,9.4,66.0,62.5,7932.0,4547.0,19473.0,952.0,2265.0,392.0,1517.0,82.7,90.4,75.2,79.1,4059.0,881.0,700.0,2306.0
2004-12-01,140125.0,148059.0,5.4,4.2,6.3,9.3,65.9,62.4,7934.0,4427.0,19487.0,958.0,2231.0,442.0,1463.0,82.6,90.3,75.1,78.9,4026.0,919.0,702.0,2314.0
2005-01-01,140245.0,148029.0,5.3,4.1,6.3,9.2,65.8,62.4,7784.0,4389.0,18966.0,966.0,2239.0,515.0,1804.0,82.7,90.3,75.3,79.2,4029.0,815.0,621.0,2327.0
2005-02-01,140385.0,148364.0,5.4,4.2,6.4,9.2,65.9,62.4,7980.0,4250.0,19582.0,962.0,2125.0,485.0,1673.0,82.8,90.5,75.3,79.2,3904.0,955.0,753.0,2406.0
2005-03-01,140654.0,148391.0,5.2,4.0,6.2,9.1,65.9,62.4,7737.0,4388.0,19515.0,944.0,2061.0,480.0,1588.0,82.6,90.5,75.0,79.2,3768.0,879.0,712.0,2401.0
2005-04-01,141254.0,148926.0,5.2,4.0,6.1,9.0,66.1,62.7,7672.0,4278.0,19581.0,827.0,1998.0,393.0,1511.0,82.7,90.5,75.2,79.4,3637.0,907.0,764.0,2373.0
2005-05-01,141609.0,149261.0,5.1,3.9,6.1,8.9,66.1,62.8,7651.0,4315.0,19515.0,883.0,1912.0,392.0,1428.0,82.9,90.7,75.3,79.5,3610.0,931.0,710.0,2396.0
2005-06-01,141714.0,149238.0,5.0,4.0,6.0,9.0,66.1,62.7,7524.0,4432.0,18807.0,971.0,1912.0,476.0,1583.0,82.6,90.4,75.0,79.2,3642.0,858.0,650.0,2359.0
2005-07-01,142026.0,149432.0,5.0,4.0,5.9,8.8,66.1,62.8,7406.0,4400.0,19543.0,939.0,1917.0,499.0,1516.0,82.8,90.5,75.3,79.4,3580.0,817.0,630.0,2407.0
2005-08-01,142434.0,149779.0,4.9,3.8,5.9,8.9,66.2,62.9,7345.0,4491.0,19553.0,901.0,1782.0,384.0,1583.0,82.9,90.9,75.2,79.6,3454.0,828.0,626.0,2415.0
2005-09-01,142401.0,149954.0,5.0,4.1,6.0,9.0,66.1,62.8,7553.0,4675.0,19580.0,1032.0,1889.0,362.0,1438.0,82.9,90.6,75.4,79.4,3749.0,863.0,607.0,2367.0
2005-10-01,142548.0,150001.0,5.0,3.9,5.9,8.7,66.1,62.8,7453.0,4269.0,19857.0,925.0,1884.0,392.0,1414.0,82.7,90.4,75.2,79.3,3539.0,884.0,638.0,2337.0
2005-11-01,142499.0,150065.0,5.0,4.0,6.0,8.7,66.0,62.7,7566.0,4219.0,19658.0,899.0,1901.0,404.0,1415.0,82.7,90.3,75.3,79.2,3515.0,913.0,673.0,2451.0
2005-12-01,142752.0,150030.0,4.9,3.9,5.9,8.6,66.0,62.8,7279.0,4115.0,19579.0,933.0,1822.0,451.0,1589.0,82.7,90.2,75.4,79.3,3483.0,817.0,633.0,2361.0
2006-01-01,143150.0,150214.0,4.7,3.7,5.6,8.4,66.0,62.9,7064.0,4123.0,19671.0,864.0,1772.0,396.0,1644.0,82.8,90.4,75.3,79.6,3349.0,821.0,616.0,2261.0
2006-02-01,143457.0,150641.0,4.8,3.7,5.6,8.4,66.1,63.0,7184.0,4174.0,19597.0,890.0,1761.0,386.0,1471.0,82.9,90.6,75.5,79.7,3366.0,872.0,711.0,2316.0
2006-03-01,143741.0,150813.0,4.7,3.6,5.6,8.2,66.2,63.1,7072.0,3972.0,19336.0,912.0,1792.0,451.0,1468.0,83.0,90.9,75.4,79.8,3399.0,833.0,636.0,2174.0
2006-04-01,143761.0,150881.0,4.7,3.7,5.6,8.1,66.1,63.0,7120.0,3900.0,19415.0,886.0,1826.0,381.0,1310.0,82.8,90.6,75.3,79.6,3505.0,853.0,591.0,2172.0
2006-05-01,144089.0,151069.0,4.6,3.7,5.5,8.2,66.1,63.1,6980.0,4111.0,19913.0,930.0,1825.0,323.0,1388.0,82.8,90.6,75.3,79.7,3473.0,862.0,517.0,2135.0
2006-06-01,144353.0,151354.0,4.6,3.6,5.6,8.4,66.2,63.1,7001.0,4318.0,19520.0,1009.0,1617.0,481.0,1584.0,82.8,90.5,75.4,79.8,3369.0,828.0,646.0,2163.0
2006-07-01,144202.0,151377.0,4.7,3.7,5.7,8.5,66.1,63.0,7175.0,4303.0,19386.0,940.0,1642.0,428.0,1522.0,83.0,90.4,75.7,79.8,3313.0,850.0,639.0,2372.0
2006-08-01,144625.0,151716.0,4.7,3.6,5.7,8.4,66.2,63.1,7091.0,4195.0,19521.0,894.0,1707.0,448.0,1592.0,82.9,90.5,75.6,79.8,3283.0,854.0,646.0,2274.0
2006-09-01,144815.0,151662.0,4.5,3.5,5.3,8.0,66.1,63.1,6847.0,4115.0,19551.0,880.0,1631.0,325.0,1299.0,82.9,90.4,75.5,79.9,3233.0,790.0,612.0,2288.0
2006-10-01,145314.0,152041.0,4.4,3.3,5.3,8.2,66.2,63.3,6727.0,4352.0,19592.0,950.0,1493.0,331.0,1478.0,82.9,90.4,75.6,80.1,3125.0,779.0,572.0,2255.0
2006-11-01,145534.0,152406.0,4.5,3.5,5.4,8.1,66.3,63.3,6872.0,4190.0,19863.0,984.0,1576.0,349.0,1366.0,83.0,90.7,75.5,80.0,3275.0,788.0,591.0,2245.0
2006-12-01,145970.0,152732.0,4.4,3.5,5.2,7.9,66.4,63.4,6762.0,4187.0,19953.0,968.0,1607.0,274.0,1252.0,83.1,90.9,75.5,80.1,3243.0,785.0,586.0,2162.0
2007-01-01,146028.0,153144.0,4.6,3.7,5.5,8.3,66.4,63.3,7116.0,4279.0,19791.0,1021.0,1614.0,442.0,1577.0,83.4,91.5,75.6,80.3,3405.0,782.0,622.0,2199.0
2007-02-01,146057.0,152983.0,4.5,3.6,5.4,8.1,66.3,63.3,6927.0,4220.0,20029.0,1038.0,1643.0,375.0,1451.0,83.2,91.4,75.3,80.1,3395.0,846.0,599.0,2082.0
2007-03-01,146320.0,153051.0,4.4,3.4,5.3,8.0,66.2,63.3,6731.0,4253.0,20134.0,855.0,1607.0,381.0,1385.0,83.2,91.2,75.3,80.2,3169.0,771.0,615.0,2156.0
2007-04-01,145586.0,152435.0,4.5,3.5,5.4,8.2,65.9,63.0,6850.0,4313.0,19809.0,1000.0,1636.0,399.0,1391.0,83.0,91.1,75.0,80.0,3354.0,742.0,620.0,2162.0
2007-05-01,145903.0,152670.0,4.4,3.5,5.3,8.2,66.0,63.0,6766.0,4473.0,19779.0,963.0,1696.0,368.0,1406.0,83.0,90.9,75.3,80.0,3360.0,750.0,530.0,2155.0
2007-06-01,146063.0,153041.0,4.6,3.5,5.4,8.3,66.0,63.0,6979.0,4342.0,20044.0,884.0,1758.0,401.0,1454.0,82.9,90.7,75.3,79.9,3383.0,828.0,640.0,2113.0
2007-07-01,145905.0,153054.0,4.7,3.7,5.5,8.4,66.0,62.9,7149.0,4410.0,19842.0,1020.0,1872.0,367.0,1376.0,82.9,90.6,75.4,79.8,3675.0,826.0,602.0,2054.0
2007-08-01,145682.0,152749.0,4.6,3.6,5.5,8.4,65.8,62.7,7067.0,4576.0,19657.0,967.0,1891.0,392.0,1365.0,82.9,90.5,75.5,79.8,3625.0,797.0,588.0,2047.0
2007-09-01,146244.0,153414.0,4.7,3.6,5.5,8.4,66.0,62.9,7170.0,4521.0,19737.0,921.0,1909.0,276.0,1268.0,82.8,90.4,75.4,79.7,3591.0,833.0,668.0,2168.0
2007-10-01,145946.0,153183.0,4.7,3.7,5.6,8.4,65.8,62.7,7237.0,4325.0,19385.0,1048.0,1886.0,320.0,1364.0,82.7,90.3,75.3,79.6,3706.0,782.0,696.0,2086.0
2007-11-01,146595.0,153835.0,4.7,3.7,5.6,8.5,66.0,62.9,7240.0,4494.0,19578.0,992.0,1906.0,349.0,1363.0,82.9,90.6,75.5,79.7,3683.0,772.0,678.0,2163.0
2007-12-01,146273.0,153918.0,5.0,3.8,5.8,8.8,66.0,62.7,7645.0,4618.0,19547.0,965.0,2017.0,363.0,1344.0,83.1,90.9,75.5,79.7,3871.0,778.0,679.0,2334.0
2008-01-01,146378.0,154063.0,5.0,3.8,5.9,9.1,66.2,62.9,7685.0,4846.0,19567.0,1066.0,2008.0,467.0,1729.0,83.3,91.1,75.7,80.0,3851.0,823.0,677.0,2203.0
2008-02-01,146156.0,153653.0,4.9,3.8,5.8,9.0,66.0,62.8,7497.0,4902.0,19377.0,993.0,2061.0,396.0,1585.0,83.2,91.0,75.5,79.9,3894.0,796.0,656.0,2129.0
2008-03-01,146086.0,153908.0,5.1,4.0,5.9,9.1,66.1,62.7,7822.0,4904.0,19417.0,1074.0,2150.0,401.0,1352.0,83.3,90.9,75.8,79.8,4119.0,796.0,704.0,2121.0
2008-04-01,146132.0,153769.0,5.0,4.0,5.9,9.2,65.9,62.7,7637.0,5220.0,19710.0,1109.0,2135.0,412.0,1414.0,83.1,90.6,75.8,79.6,4067.0,847.0,625.0,2119.0
2008-05-01,145908.0,154303.0,5.4,4.1,6.3,9.7,66.1,62.5,8395.0,5286.0,19474.0,1071.0,2249.0,400.0,1416.0,83.1,90.5,75.9,79.5,4252.0,868.0,797.0,2493.0
2008-06-01,145737.0,154313.0,5.6,4.3,6.5,10.0,66.1,62.4,8575.0,5540.0,19542.0,1092.0,2372.0,420.0,1558.0,83.1,90.5,76.0,79.4,4390.0,859.0,786.0,2533.0
2008-07-01,145532.0,154469.0,5.8,4.5,6.7,10.5,66.1,62.2,8937.0,5930.0,19200.0,1074.0,2531.0,461.0,1573.0,83.1,90.7,75.7,79.2,4539.0,880.0,835.0,2662.0
2008-08-01,145203.0,154641.0,6.1,4.9,7.1,10.8,66.1,62.0,9438.0,5851.0,19610.0,1246.0,2719.0,381.0,1640.0,83.2,90.5,76.0,78.8,4942.0,1019.0,821.0,2655.0
2008-09-01,145076.0,154570.0,6.1,4.9,7.1,11.1,66.0,61.9,9494.0,6148.0,19271.0,1345.0,2935.0,467.0,1604.0,83.1,90.5,75.8,78.8,5257.0,995.0,815.0,2599.0
2008-10-01,144802.0,154876.0,6.5,5.3,7.5,11.8,66.0,61.7,10074.0,6690.0,19043.0,1325.0,3374.0,484.0,1637.0,83.0,90.4,75.8,78.4,5706.0,931.0,819.0,2623.0
2008-11-01,144100.0,154639.0,6.8,5.6,8.0,12.7,65.9,61.4,10538.0,7311.0,18928.0,1421.0,3710.0,608.0,1947.0,83.0,90.3,75.9,78.1,6228.0,927.0,763.0,2693.0
2008-12-01,143369.0,154655.0,7.3,6.1,8.4,13.6,65.8,61.0,11286.0,8029.0,18991.0,1505.0,3982.0,642.0,1908.0,82.8,89.9,75.9,77.6,6653.0,990.0,803.0,2826.0
2009-01-01,142152.0,154210.0,7.8,6.6,9.0,14.1,65.7,60.6,12058.0,8046.0,18857.0,1497.0,4674.0,734.0,2130.0,82.8,90.0,75.8,77.0,7450.0,901.0,775.0,2806.0
2009-02-01,141640.0,154538.0,8.3,7.1,9.5,15.1,65.8,60.3,12898.0,8796.0,18862.0,1519.0,5101.0,731.0,2051.0,82.8,89.8,76.0,76.7,8079.0,837.0,999.0,2939.0
2009-03-01,140707.0,154133.0,8.7,7.4,10.0,15.8,65.6,59.9,13426.0,9145.0,18780.0,1614.0,5563.0,685.0,2106.0,82.6,89.7,75.7,76.2,8539.0,882.0,872.0,3028.0
2009-04-01,140656.0,154509.0,9.0,7.7,10.2,15.9,65.7,59.8,13853.0,8908.0,19046.0,1684.0,5929.0,740.0,2089.0,82.8,89.9,75.9,76.2,8960.0,869.0,901.0,3107.0
2009-05-01,140248.0,154747.0,9.4,8.0,10.7,16.5,65.7,59.6,14499.0,9113.0,18902.0,1798.0,6213.0,792.0,2210.0,82.9,90.1,75.8,75.9,9421.0,904.0,965.0,3201.0
2009-06-01,140009.0,154716.0,9.5,8.1,10.7,16.5,65.7,59.4,14707.0,9024.0,18797.0,1712.0,6386.0,793.0,2176.0,82.9,90.0,75.9,75.9,9529.0,819.0,1001.0,3331.0
2009-07-01,139901.0,154502.0,9.5,8.1,10.7,16.4,65.5,59.3,14601.0,8891.0,18903.0,1713.0,6377.0,796.0,2282.0,82.8,89.8,75.8,75.8,9464.0,891.0,1004.0,3260.0
2009-08-01,139492.0,154307.0,9.6,8.3,10.9,16.7,65.4,59.1,14814.0,9029.0,18634.0,1654.0,6559.0,758.0,2270.0,82.8,90.1,75.6,75.6,9641.0,842.0,1085.0,3282.0
2009-09-01,138818.0,153827.0,9.8,8.4,11.1,16.7,65.1,58.7,15009.0,8847.0,18589.0,1894.0,6657.0,706.0,2219.0,82.5,89.8,75.3,75.1,9956.0,880.0,1153.0,3262.0
2009-10-01,138432.0,153784.0,10.0,8.6,11.3,17.1,65.0,58.5,15352.0,8979.0,18656.0,1672.0,6762.0,808.0,2373.0,82.5,89.8,75.3,75.0,9931.0,903.0,1102.0,3411.0
2009-11-01,138659.0,153878.0,9.9,8.4,11.3,17.1,65.0,58.6,15219.0,9114.0,18340.0,1522.0,6818.0,861.0,2323.0,82.4,89.6,75.4,75.2,9752.0,936.0,1330.0,3236.0
2009-12-01,138013.0,153111.0,9.9,8.4,11.3,17.2,64.6,58.3,15098.0,9098.0,18436.0,1496.0,6684.0,929.0,2486.0,82.0,88.9,75.2,74.8,9591.0,923.0,1241.0,3371.0
2010-01-01,138438.0,153484.0,9.8,8.3,11.2,16.6,64.8,58.5,15046.0,8530.0,18545.0,1463.0,6426.0,1065.0,2539.0,82.4,89.2,75.6,75.1,9341.0,911.0,1195.0,3650.0
2010-02-01,138581.0,153694.0,9.8,8.4,11.2,17.0,64.9,58.5,15113.0,8936.0,18288.0,1575.0,6699.0,1204.0,2527.0,82.3,89.2,75.5,75.1,9596.0,877.0,1192.0,3469.0
2010-03-01,138751.0,153954.0,9.9,8.5,11.2,17.1,64.9,58.5,15202.0,9233.0,18305.0,1668.0,6530.0,994.0,2255.0,82.4,89.5,75.5,75.1,9575.0,893.0,1146.0,3591.0
2010-04-01,139297.0,154622.0,9.9,8.4,11.4,17.2,65.2,58.7,15325.0,9178.0,18009.0,1391.0,6625.0,1197.0,2432.0,82.6,89.7,75.6,75.4,9415.0,930.0,1187.0,3772.0
2010-05-01,139241.0,154091.0,9.6,8.3,11.0,16.7,64.9,58.6,14849.0,8845.0,17883.0,1469.0,6437.0,1083.0,2223.0,82.3,89.5,75.2,75.1,9237.0,973.0,1202.0,3388.0
2010-06-01,139141.0,153616.0,9.4,8.1,10.9,16.4,64.6,58.5,14474.0,8577.0,17889.0,1353.0,6385.0,1207.0,2591.0,82.2,89.5,75.1,75.2,9039.0,888.0,1174.0,3300.0
2010-07-01,139179.0,153691.0,9.4,8.0,10.9,16.4,64.6,58.5,14512.0,8500.0,18196.0,1194.0,6443.0,1185.0,2622.0,81.9,89.2,74.8,75.1,8999.0,903.0,1208.0,3377.0
2010-08-01,139438.0,154086.0,9.5,8.2,10.9,16.5,64.7,58.6,14648.0,8800.0,18588.0,1444.0,6320.0,1110.0,2370.0,82.0,89.3,74.9,75.0,9127.0,870.0,1278.0,3372.0
2010-09-01,139396.0,153975.0,9.5,8.2,11.0,16.9,64.6,58.5,14579.0,9246.0,18291.0,1338.0,6347.0,1209.0,2548.0,82.0,89.3,74.9,75.1,9142.0,804.0,1217.0,3399.0
2010-10-01,139119.0,153635.0,9.4,8.1,11.0,16.6,64.4,58.3,14516.0,8837.0,18229.0,1272.0,6134.0,1219.0,2602.0,81.8,88.9,74.9,75.0,8884.0,854.0,1277.0,3481.0
2010-11-01,139044.0,154125.0,9.8,8.4,11.3,16.9,64.6,58.2,15081.0,8873.0,18473.0,1442.0,6437.0,1282.0,2531.0,82.0,88.9,75.3,74.8,9491.0,860.0,1275.0,3445.0
2010-12-01,139301.0,153650.0,9.3,8.0,10.8,16.6,64.3,58.3,14348.0,8935.0,18311.0,1374.0,5944.0,1318.0,2609.0,81.9,88.6,75.2,75.0,8831.0,920.0,1306.0,3379.0
2011-01-01,139250.0,153263.0,9.1,7.7,10.6,16.1,64.2,58.3,14013.0,8470.0,17808.0,1224.0,5838.0,993.0,2800.0,81.7,88.6,74.9,75.2,8475.0,915.0,1342.0,3358.0
2011-02-01,139394.0,153214.0,9.0,7.6,10.6,16.0,64.1,58.4,13820.0,8464.0,18206.0,1302.0,5680.0,1020.0,2730.0,81.6,88.7,74.7,75.1,8353.0,888.0,1287.0,3348.0
2011-03-01,139639.0,153376.0,9.0,7.6,10.4,16.0,64.2,58.4,13737.0,8645.0,18484.0,1250.0,5688.0,921.0,2434.0,81.7,88.8,74.9,75.3,8338.0,888.0,1287.0,3317.0
2011-04-01,139586.0,153543.0,9.1,7.7,10.6,16.1,64.2,58.4,13957.0,8652.0,18296.0,1289.0,5578.0,989.0,2466.0,81.7,88.7,74.9,75.1,8294.0,951.0,1305.0,3416.0
2011-05-01,139624.0,153479.0,9.0,7.7,10.4,15.9,64.1,58.3,13855.0,8576.0,18436.0,1247.0,5643.0,822.0,2206.0,81.7,89.0,74.6,75.2,8264.0,915.0,1227.0,3379.0
2011-06-01,139384.0,153346.0,9.1,7.9,10.7,16.1,64.0,58.2,13962.0,8427.0,18404.0,1183.0,5574.0,982.0,2680.0,81.7,88.9,74.6,75.0,8157.0,969.0,1242.0,3514.0
2011-07-01,139524.0,153288.0,9.0,7.7,10.6,15.9,64.0,58.2,13763.0,8281.0,18196.0,1179.0,5568.0,1119.0,2785.0,81.4,88.6,74.5,75.0,8114.0,939.0,1281.0,3383.0
2011-08-01,139942.0,153760.0,9.0,7.7,10.5,16.1,64.1,58.3,13818.0,8788.0,18181.0,1181.0,5426.0,977.0,2575.0,81.6,88.7,74.7,75.1,8009.0,979.0,1254.0,3520.0
2011-09-01,140183.0,154131.0,9.0,7.7,10.5,16.4,64.2,58.4,13948.0,9166.0,18396.0,1203.0,5390.0,1037.0,2511.0,81.5,88.6,74.6,74.9,8027.0,973.0,1378.0,3470.0
2011-10-01,140368.0,153961.0,8.8,7.6,10.3,15.8,64.1,58.4,13594.0,8657.0,18441.0,1247.0,5240.0,967.0,2555.0,81.3,88.4,74.4,74.9,7891.0,1086.0,1287.0,3370.0
2011-11-01,140826.0,154128.0,8.6,7.3,10.2,15.6,64.1,58.6,13302.0,8447.0,18559.0,1180.0,5071.0,1096.0,2591.0,81.5,88.7,74.4,75.3,7651.0,1011.0,1277.0,3357.0
2011-12-01,140902.0,153995.0,8.5,7.2,10.0,15.2,64.0,58.6,13093.0,8171.0,18565.0,1238.0,5028.0,945.0,2540.0,81.6,88.7,74.6,75.4,7555.0,952.0,1282.0,3359.0
2012-01-01,141584.0,154381.0,8.3,7.0,9.8,15.1,63.7,58.4,12797.0,8305.0,18696.0,1277.0,4742.0,1059.0,2809.0,81.5,88.8,74.5,75.5,7263.0,942.0,1260.0,3253.0
2012-02-01,141858.0,154671.0,8.3,7.0,9.8,15.0,63.8,58.5,12813.0,8238.0,18835.0,1163.0,4683.0,1006.0,2608.0,81.5,88.7,74.5,75.5,7136.0,1035.0,1367.0,3342.0
2012-03-01,142036.0,154749.0,8.2,6.9,9.6,14.6,63.8,58.5,12713.0,7775.0,18588.0,1150.0,4625.0,865.0,2352.0,81.5,88.9,74.5,75.7,7037.0,1097.0,1388.0,3278.0
2012-04-01,141899.0,154545.0,8.2,6.8,9.6,14.7,63.7,58.4,12646.0,7913.0,18808.0,1106.0,4506.0,968.0,2363.0,81.4,88.7,74.4,75.7,6848.0,1008.0,1376.0,3392.0
2012-05-01,142206.0,154866.0,8.2,6.9,9.7,14.8,63.7,58.5,12660.0,8101.0,19449.0,1149.0,4536.0,830.0,2423.0,81.4,88.6,74.5,75.7,6975.0,899.0,1358.0,3384.0
2012-06-01,142391.0,155083.0,8.2,7.0,9.6,14.7,63.8,58.6,12692.0,8072.0,18675.0,1239.0,4561.0,821.0,2483.0,81.5,88.9,74.4,75.6,7114.0,929.0,1325.0,3296.0
2012-07-01,142292.0,154948.0,8.2,6.9,9.6,14.7,63.7,58.5,12656.0,8082.0,18733.0,1353.0,4445.0,852.0,2529.0,81.4,88.6,74.5,75.6,7096.0,867.0,1303.0,3369.0
2012-08-01,142291.0,154763.0,8.1,6.7,9.6,14.6,63.5,58.4,12471.0,7974.0,18968.0,1168.0,4415.0,844.0,2561.0,81.4,88.6,74.5,75.7,6833.0,943.0,1257.0,3352.0
2012-09-01,143044.0,155160.0,7.8,6.6,9.3,14.8,63.6,58.7,12115.0,8671.0,18763.0,1185.0,4279.0,802.0,2517.0,81.5,88.6,74.6,76.0,6548.0,950.0,1260.0,3306.0
2012-10-01,143431.0,155554.0,7.8,6.5,9.2,14.4,63.8,58.8,12124.0,8203.0,18950.0,1089.0,4252.0,813.0,2433.0,81.6,88.8,74.7,76.1,6554.0,1037.0,1301.0,3298.0
2012-11-01,143333.0,155338.0,7.7,6.4,9.2,14.4,63.6,58.7,12005.0,8166.0,18597.0,1085.0,4159.0,979.0,2505.0,81.2,88.4,74.3,75.8,6464.0,914.0,1333.0,3319.0
2012-12-01,143330.0,155628.0,7.9,6.5,9.4,14.4,63.7,58.7,12298.0,7943.0,18893.0,1126.0,4120.0,1068.0,2614.0,81.4,88.6,74.6,76.0,6515.0,992.0,1291.0,3592.0
2013-01-01,143292.0,155763.0,8.0,6.5,9.3,14.5,63.7,58.6,12471.0,8151.0,18340.0,1202.0,4125.0,804.0,2443.0,81.1,88.4,74.0,75.6,6644.0,998.0,1272.0,3430.0
2013-02-01,143362.0,155312.0,7.7,6.3,9.2,14.3,63.4,58.6,11950.0,8178.0,18924.0,1083.0,4087.0,885.0,2588.0,81.0,88.5,73.9,75.8,6453.0,947.0,1253.0,3306.0
2013-03-01,143316.0,155005.0,7.5,6.2,9.0,13.9,63.3,58.5,11689.0,7722.0,18849.0,1113.0,3886.0,803.0,2326.0,81.0,88.3,73.9,75.8,6239.0,976.0,1295.0,3164.0
2013-04-01,143635.0,155394.0,7.6,6.2,9.0,14.0,63.4,58.6,11760.0,7964.0,18982.0,1202.0,3897.0,835.0,2347.0,81.0,88.6,73.7,75.8,6338.0,888.0,1302.0,3184.0
2013-05-01,143882.0,155536.0,7.5,6.1,8.8,13.9,63.4,58.6,11654.0,7937.0,19085.0,998.0,3796.0,780.0,2164.0,81.2,88.6,74.0,76.0,6090.0,942.0,1272.0,3311.0
2013-06-01,143999.0,155749.0,7.5,6.2,9.1,14.2,63.4,58.6,11751.0,8103.0,18908.0,1153.0,3733.0,1027.0,2582.0,81.2,88.6,74.0,75.9,6119.0,1029.0,1246.0,3381.0
2013-07-01,144264.0,155599.0,7.3,6.0,8.7,13.8,63.3,58.7,11335.0,8099.0,19029.0,1165.0,3597.0,988.0,2414.0,81.2,88.5,74.1,76.0,5852.0,971.0,1259.0,3243.0
2013-08-01,144326.0,155605.0,7.2,5.9,8.6,13.6,63.3,58.7,11279.0,7816.0,19511.0,1017.0,3712.0,866.0,2342.0,81.0,88.3,74.0,76.0,5893.0,880.0,1289.0,3150.0
2013-09-01,144418.0,155687.0,7.2,6.0,8.6,13.5,63.2,58.7,11270.0,7764.0,18981.0,1114.0,3518.0,852.0,2302.0,81.0,88.4,73.9,76.0,5855.0,974.0,1207.0,3161.0
2013-10-01,143537.0,154673.0,7.2,6.0,8.6,13.6,62.8,58.3,11136.0,7936.0,18712.0,1579.0,3523.0,815.0,2283.0,80.6,88.0,73.5,75.6,6255.0,852.0,1221.0,3057.0
2013-11-01,144479.0,155265.0,6.9,5.9,8.2,13.1,63.0,58.6,10787.0,7718.0,18790.0,1095.0,3443.0,762.0,2096.0,81.0,88.6,73.8,76.1,5738.0,870.0,1154.0,3042.0
2013-12-01,144778.0,155182.0,6.7,5.6,8.1,13.1,62.9,58.7,10404.0,7827.0,18824.0,1008.0,3258.0,917.0,2427.0,80.8,88.1,73.8,76.1,5433.0,855.0,1199.0,3009.0
2014-01-01,145150.0,155352.0,6.6,5.3,8.0,12.6,62.9,58.8,10202.0,7296.0,19264.0,1018.0,3271.0,837.0,2592.0,80.9,88.2,73.9,76.4,5359.0,816.0,1158.0,2791.0
2014-02-01,145134.0,155483.0,6.7,5.4,8.0,12.6,62.9,58.7,10349.0,7299.0,19039.0,1016.0,3224.0,755.0,2303.0,81.1,88.1,74.3,76.4,5422.0,814.0,1209.0,2969.0
2014-03-01,145648.0,156028.0,6.7,5.4,8.0,12.7,63.1,58.9,10380.0,7435.0,19362.0,1046.0,3213.0,698.0,2168.0,81.1,88.3,74.2,76.5,5374.0,795.0,1177.0,3027.0
2014-04-01,145667.0,155369.0,6.2,5.2,7.6,12.3,62.8,58.9,9702.0,7509.0,18890.0,1051.0,3022.0,783.0,2160.0,80.8,87.9,74.0,76.5,5177.0,806.0,1082.0,2622.0
2014-05-01,145825.0,155684.0,6.3,5.2,7.7,12.3,62.9,58.9,9859.0,7254.0,19156.0,1055.0,2904.0,697.0,2130.0,80.7,88.0,73.8,76.4,5013.0,876.0,1068.0,2859.0
2014-06-01,146247.0,155707.0,6.1,5.0,7.3,12.0,62.8,59.0,9460.0,7422.0,19813.0,987.0,2790.0,676.0,2028.0,81.0,88.3,74.0,76.9,4814.0,854.0,1036.0,2794.0
2014-07-01,146399.0,156007.0,6.2,5.0,7.4,12.1,62.9,59.0,9608.0,7402.0,19656.0,968.0,2651.0,741.0,2178.0,80.8,88.3,73.7,76.7,4774.0,857.0,1098.0,2891.0
2014-08-01,146530.0,156130.0,6.1,5.0,7.4,12.0,62.9,59.0,9599.0,7177.0,19644.0,1087.0,2608.0,775.0,2141.0,81.1,88.5,74.0,76.9,4761.0,849.0,1050.0,2905.0
2014-09-01,146778.0,156040.0,5.9,4.7,7.2,11.7,62.8,59.1,9262.0,7020.0,19631.0,944.0,2615.0,698.0,2226.0,80.8,88.1,73.7,76.8,4528.0,812.0,1103.0,2800.0
2014-10-01,147427.0,156417.0,5.7,4.7,7.1,11.5,62.9,59.3,8990.0,7025.0,19794.0,892.0,2506.0,770.0,2192.0,80.9,88.1,73.9,76.9,4368.0,781.0,1072.0,2839.0
2014-11-01,147404.0,156494.0,5.8,4.8,7.1,11.4,62.9,59.2,9090.0,6898.0,19939.0,1030.0,2469.0,698.0,2109.0,80.9,88.1,73.9,76.9,4483.0,824.0,1048.0,2748.0
2014-12-01,147615.0,156332.0,5.6,4.5,6.9,11.2,62.8,59.3,8717.0,6856.0,19711.0,947.0,2398.0,740.0,2260.0,80.9,88.2,73.8,77.1,4339.0,793.0,964.0,2676.0
2015-01-01,148145.0,157030.0,5.7,4.6,6.9,11.2,62.9,59.3,8885.0,6808.0,19907.0,911.0,2338.0,682.0,2234.0,81.0,88.5,73.8,77.1,4219.0,868.0,1009.0,2747.0
2015-02-01,148045.0,156644.0,5.5,4.5,6.7,10.9,62.7,59.2,8599.0,6665.0,19789.0,1015.0,2207.0,732.0,2159.0,80.9,88.4,73.6,77.2,4174.0,900.0,935.0,2630.0
2015-03-01,148128.0,156643.0,5.4,4.4,6.7,10.9,62.6,59.2,8515.0,6633.0,19808.0,1015.0,2183.0,738.0,2055.0,80.8,88.5,73.4,77.1,4150.0,864.0,812.0,2635.0
2015-04-01,148511.0,157060.0,5.4,4.5,6.7,10.9,62.8,59.3,8550.0,6611.0,20141.0,1006.0,2238.0,756.0,2115.0,81.0,88.4,73.8,77.2,4159.0,841.0,873.0,2676.0
2015-05-01,148817.0,157651.0,5.6,4.5,6.8,10.9,62.9,59.4,8834.0,6634.0,19957.0,1129.0,2240.0,563.0,1862.0,81.1,88.3,74.1,77.2,4403.0,819.0,978.0,2608.0
2015-06-01,148816.0,157062.0,5.3,4.2,6.4,10.4,62.7,59.4,8247.0,6388.0,20659.0,1019.0,2146.0,653.0,1914.0,80.9,88.3,73.8,77.4,4070.0,765.0,906.0,2546.0
2015-07-01,148830.0,156997.0,5.2,4.2,6.3,10.3,62.6,59.3,8167.0,6253.0,19735.0,953.0,2198.0,668.0,1927.0,80.7,88.1,73.5,77.1,4071.0,841.0,834.0,2455.0
2015-08-01,149181.0,157172.0,5.1,4.1,6.2,10.2,62.6,59.4,7992.0,6418.0,19569.0,944.0,2123.0,624.0,1812.0,80.7,88.2,73.5,77.3,3973.0,775.0,842.0,2372.0
2015-09-01,148826.0,156733.0,5.0,4.1,6.2,10.0,62.4,59.2,7907.0,6042.0,20010.0,917.0,2128.0,635.0,1921.0,80.6,88.2,73.3,77.2,3877.0,779.0,840.0,2427.0
2015-10-01,149246.0,157167.0,5.0,4.1,6.2,9.8,62.5,59.3,7922.0,5813.0,20223.0,997.0,2129.0,665.0,1916.0,80.8,88.2,73.6,77.2,3995.0,785.0,825.0,2413.0
2015-11-01,149463.0,157463.0,5.1,4.2,6.1,10.0,62.5,59.4,8000.0,6170.0,20117.0,898.0,2169.0,594.0,1717.0,80.9,88.1,73.9,77.4,3903.0,783.0,871.0,2443.0
2015-12-01,150128.0,158035.0,5.0,4.0,6.1,9.9,62.7,59.6,7907.0,6075.0,20181.0,921.0,2047.0,663.0,1833.0,80.9,88.2,73.9,77.4,3795.0,815.0,856.0,2467.0
2016-01-01,150653.0,158280.0,4.8,4.0,6.0,9.7,62.7,59.7,7627.0,5937.0,20564.0,837.0,1845.0,623.0,2089.0,81.1,88.4,74.0,77.7,3542.0,770.0,812.0,2487.0
2016-02-01,150939.0,158640.0,4.9,4.0,5.9,9.6,62.8,59.8,7702.0,5938.0,20701.0,954.0,1940.0,599.0,1803.0,81.1,88.4,74.0,77.8,3711.0,765.0,817.0,2449.0
2016-03-01,151218.0,159179.0,5.0,4.1,6.1,9.8,63.0,59.8,7961.0,6057.0,20422.0,921.0,2066.0,585.0,1720.0,81.3,88.7,74.2,77.9,3843.0,849.0,772.0,2468.0
2016-04-01,151074.0,159141.0,5.1,4.1,6.1,9.9,62.9,59.7,8067.0,6011.0,20670.0,887.0,2131.0,568.0,1715.0,81.2,88.6,74.2,77.8,3965.0,859.0,855.0,2330.0
2016-05-01,151132.0,158784.0,4.8,3.9,5.9,9.9,62.7,59.7,7652.0,6488.0,20655.0,916.0,2039.0,538.0,1713.0,81.2,88.4,74.2,77.9,3736.0,794.0,888.0,2215.0
2016-06-01,151223.0,158967.0,4.9,4.0,5.9,9.5,62.7,59.7,7744.0,5791.0,20637.0,1125.0,1907.0,502.0,1779.0,81.3,88.7,74.2,77.9,3792.0,826.0,917.0,2251.0
2016-07-01,151554.0,159194.0,4.8,3.9,5.9,9.6,62.8,59.8,7641.0,5950.0,20531.0,975.0,2026.0,591.0,1950.0,81.3,88.5,74.2,78.0,3740.0,829.0,804.0,2273.0
2016-08-01,151779.0,159562.0,4.9,4.1,5.9,9.6,62.9,59.8,7784.0,6033.0,20066.0,985.0,1950.0,576.0,1713.0,81.4,88.5,74.4,77.9,3733.0,893.0,871.0,2258.0
2016-09-01,151761.0,159714.0,5.0,4.2,6.1,9.7,62.9,59.7,7953.0,5882.0,20692.0,1057.0,1951.0,553.0,1844.0,81.5,88.6,74.7,78.0,3885.0,922.0,803.0,2339.0
2016-10-01,151793.0,159605.0,4.9,4.0,5.9,9.6,62.8,59.7,7811.0,5949.0,20759.0,1028.0,1883.0,487.0,1700.0,81.5,88.6,74.7,78.1,3741.0,957.0,796.0,2370.0
2016-11-01,151954.0,159506.0,4.7,3.9,5.9,9.4,62.7,59.7,7553.0,5685.0,21187.0,870.0,1934.0,591.0,1932.0,81.4,88.5,74.4,78.1,3547.0,946.0,753.0,2297.0
2016-12-01,152157.0,159678.0,4.7,3.9,5.7,9.2,62.7,59.7,7521.0,5607.0,21283.0,1027.0,1890.0,426.0,1684.0,81.3,88.5,74.4,78.1,3610.0,885.0,796.0,2231.0
2017-01-01,152152.0,159620.0,4.7,3.9,5.6,9.2,62.8,59.9,7468.0,5762.0,20636.0,1038.0,2008.0,532.0,1752.0,81.5,88.8,74.4,78.2,3678.0,867.0,788.0,2172.0
2017-02-01,152480.0,159859.0,4.6,3.9,5.6,9.0,62.9,60.0,7379.0,5562.0,20869.0,994.0,1996.0,522.0,1723.0,81.6,88.6,74.8,78.3,3653.0,802.0,742.0,2188.0
2017-03-01,153065.0,160137.0,4.4,3.7,5.4,8.8,62.9,60.2,7073.0,5462.0,20655.0,959.0,1835.0,460.0,1595.0,81.6,88.5,74.9,78.5,3572.0,792.0,791.0,2006.0
2017-04-01,153255.0,160345.0,4.4,3.6,5.4,8.6,63.0,60.2,7089.0,5272.0,20545.0,939.0,1812.0,455.0,1534.0,81.7,88.6,75.1,78.6,3586.0,766.0,733.0,2053.0
2017-05-01,153069.0,160068.0,4.4,3.7,5.3,8.5,62.8,60.1,7000.0,5259.0,21160.0,853.0,1779.0,355.0,1475.0,81.7,88.5,75.1,78.5,3440.0,787.0,674.0,2136.0
2017-06-01,153318.0,160192.0,4.3,3.6,5.2,8.5,62.8,60.1,6873.0,5381.0,20653.0,914.0,1708.0,514.0,1582.0,81.6,88.6,75.0,78.6,3391.0,801.0,663.0,1979.0
2017-07-01,153569.0,160462.0,4.3,3.6,5.2,8.5,62.9,60.2,6892.0,5320.0,21143.0,1010.0,1682.0,536.0,1629.0,81.8,88.6,75.2,78.8,3355.0,743.0,678.0,2089.0
2017-08-01,153503.0,160586.0,4.4,3.7,5.3,8.6,62.9,60.1,7082.0,5301.0,21027.0,1011.0,1747.0,448.0,1548.0,81.6,88.4,75.0,78.4,3461.0,802.0,641.0,2118.0
2017-09-01,154286.0,161140.0,4.3,3.5,5.2,8.3,63.1,60.4,6854.0,5138.0,20910.0,902.0,1744.0,421.0,1569.0,81.9,88.7,75.3,79.0,3331.0,749.0,656.0,2099.0
2017-10-01,153609.0,160309.0,4.2,3.4,5.1,8.1,62.7,60.1,6700.0,4857.0,20868.0,909.0,1667.0,524.0,1535.0,81.6,88.6,74.8,78.7,3253.0,742.0,617.0,2037.0
2017-11-01,153805.0,160579.0,4.2,3.4,5.1,8.0,62.7,60.1,6774.0,4745.0,21213.0,987.0,1579.0,469.0,1481.0,81.7,88.5,75.2,78.9,3205.0,766.0,703.0,2076.0
2017-12-01,153904.0,160535.0,4.1,3.4,5.1,8.1,62.7,60.1,6632.0,4940.0,21176.0,946.0,1640.0,474.0,1623.0,81.8,89.0,74.9,79.0,3261.0,720.0,611.0,2003.0
2018-01-01,154425.0,160914.0,4.0,3.3,4.9,8.0,62.7,60.1,6489.0,5033.0,21009.0,840.0,1678.0,451.0,1653.0,81.7,89.0,74.7,78.9,3202.0,719.0,647.0,1994.0
2018-02-01,155197.0,161778.0,4.1,3.4,5.0,8.1,63.0,60.4,6581.0,5119.0,21184.0,867.0,1699.0,373.0,1602.0,82.1,89.2,75.2,79.3,3217.0,774.0,688.0,1950.0
2018-03-01,155214.0,161686.0,4.0,3.3,4.9,8.0,62.9,60.4,6472.0,4983.0,21391.0,857.0,1621.0,450.0,1454.0,82.0,89.2,75.0,79.2,3119.0,867.0,626.0,1909.0
2018-04-01,155312.0,161771.0,4.0,3.3,4.8,7.9,62.9,60.4,6459.0,4946.0,21426.0,860.0,1466.0,408.0,1362.0,82.0,89.3,74.9,79.2,3058.0,803.0,658.0,2020.0
2018-05-01,155652.0,161848.0,3.8,3.1,4.7,7.8,62.9,60.5,6196.0,4940.0,21267.0,810.0,1435.0,378.0,1455.0,81.9,89.1,75.0,79.3,2892.0,853.0,572.0,1890.0
2018-06-01,155762.0,162210.0,4.0,3.2,4.8,7.8,63.0,60.5,6447.0,4835.0,21129.0,949.0,1448.0,359.0,1437.0,82.1,89.0,75.4,79.4,3082.0,797.0,544.0,2009.0
2018-07-01,156146.0,162341.0,3.8,3.1,4.7,7.5,63.0,60.6,6195.0,4607.0,21459.0,860.0,1431.0,512.0,1498.0,82.1,88.9,75.6,79.6,2972.0,833.0,561.0,1796.0
2018-08-01,155504.0,161660.0,3.8,3.1,4.7,7.4,62.6,60.3,6156.0,4400.0,21549.0,846.0,1301.0,434.0,1443.0,81.9,88.7,75.3,79.3,2807.0,883.0,574.0,1839.0
2018-09-01,156015.0,162087.0,3.7,3.0,4.7,7.5,62.8,60.4,6073.0,4625.0,21370.0,837.0,1250.0,383.0,1577.0,81.9,88.7,75.3,79.4,2820.0,735.0,574.0,1913.0
2018-10-01,156391.0,162602.0,3.8,3.1,4.7,7.5,62.9,60.5,6211.0,4553.0,21433.0,849.0,1322.0,506.0,1491.0,82.3,89.0,75.7,79.6,2883.0,725.0,588.0,1940.0
2018-11-01,156721.0,162836.0,3.8,3.1,4.7,7.6,62.9,60.6,6115.0,4665.0,21064.0,877.0,1341.0,453.0,1678.0,82.2,88.9,75.7,79.6,2893.0,709.0,574.0,1924.0
2018-12-01,156817.0,163206.0,3.9,3.2,4.8,7.6,63.0,60.6,6389.0,4627.0,21274.0,776.0,1461.0,375.0,1556.0,82.3,88.9,75.8,79.5,2931.0,832.0,619.0,1974.0
2019-01-01,156487.0,162963.0,4.0,3.2,4.9,8.0,63.1,60.6,6475.0,5190.0,20723.0,961.0,1457.0,426.0,1614.0,82.5,89.4,75.8,79.8,3123.0,807.0,614.0,1966.0
2019-02-01,156863.0,162999.0,3.8,3.1,4.6,7.2,63.1,60.7,6136.0,4345.0,21124.0,783.0,1318.0,428.0,1424.0,82.5,89.3,75.8,79.9,2812.0,836.0,624.0,1885.0
2019-03-01,156701.0,162904.0,3.8,3.1,4.7,7.4,63.0,60.6,6202.0,4507.0,21324.0,843.0,1400.0,412.0,1357.0,82.4,89.5,75.6,79.8,2810.0,775.0,624.0,1988.0
2019-04-01,156625.0,162586.0,3.7,2.9,4.5,7.4,62.8,60.5,5961.0,4687.0,21435.0,761.0,1324.0,454.0,1417.0,82.2,89.1,75.5,79.7,2765.0,722.0,578.0,1949.0
2019-05-01,156821.0,162751.0,3.6,2.9,4.5,7.1,62.9,60.6,5930.0,4362.0,21545.0,872.0,1284.0,338.0,1395.0,82.2,88.9,75.6,79.7,2680.0,827.0,585.0,1864.0
2019-06-01,157232.0,163168.0,3.6,3.0,4.5,7.2,63.0,60.7,5935.0,4397.0,21447.0,778.0,1326.0,425.0,1571.0,82.2,88.8,75.8,79.7,2689.0,897.0,509.0,1815.0
2019-07-01,157529.0,163590.0,3.7,3.0,4.5,6.9,63.1,60.8,6061.0,3952.0,21472.0,871.0,1373.0,368.0,1478.0,82.1,88.9,75.4,79.6,2852.0,841.0,578.0,1777.0
2019-08-01,157829.0,163774.0,3.6,2.9,4.5,7.2,63.1,60.8,5945.0,4393.0,21712.0,811.0,1344.0,467.0,1564.0,82.5,89.0,76.2,80.0,2814.0,794.0,575.0,1754.0
2019-09-01,158339.0,164092.0,3.5,2.8,4.2,6.9,63.2,61.0,5753.0,4320.0,21570.0,764.0,1270.0,321.0,1299.0,82.7,89.1,76.4,80.2,2566.0,831.0,646.0,1648.0
2019-10-01,158545.0,164416.0,3.6,2.9,4.3,6.9,63.3,61.0,5871.0,4358.0,21609.0,825.0,1243.0,341.0,1229.0,82.8,89.1,76.7,80.3,2751.0,835.0,610.0,1707.0
2019-11-01,158629.0,164496.0,3.6,2.9,4.3,6.8,63.3,61.0,5868.0,4233.0,21645.0,799.0,1395.0,325.0,1246.0,82.9,89.3,76.6,80.3,2801.0,769.0,567.0,1692.0
2019-12-01,158845.0,164699.0,3.6,2.9,4.3,6.8,63.3,61.1,5853.0,4134.0,21573.0,805.0,1366.0,277.0,1246.0,83.0,89.2,76.9,80.4,2750.0,832.0,575.0,1676.0
2020-01-01,158508.0,164377.0,3.6,2.9,4.4,7.0,63.3,61.1,5869.0,4275.0,21902.0,636.0,1339.0,350.0,1464.0,83.1,89.4,76.9,80.6,2614.0,832.0,570.0,1885.0
2020-02-01,158714.0,164467.0,3.5,2.9,4.4,7.0,63.3,61.1,5753.0,4378.0,22204.0,768.0,1283.0,421.0,1494.0,82.9,89.1,76.9,80.4,2678.0,766.0,510.0,1813.0
2020-03-01,155353.0,162559.0,4.4,3.6,5.3,8.8,62.6,59.8,7206.0,5763.0,20282.0,2045.0,1503.0,514.0,1380.0,82.4,88.9,76.2,79.4,4176.0,706.0,546.0,1788.0
2020-04-01,133185.0,156269.0,14.8,13.0,16.0,22.9,60.1,51.2,23084.0,10880.0,12445.0,18052.0,1980.0,585.0,2211.0,79.8,86.3,73.5,69.6,20644.0,549.0,379.0,1483.0
2020-05-01,137173.0,158101.0,13.2,11.5,14.5,21.1,60.8,52.7,20929.0,10627.0,14550.0,15310.0,2254.0,598.0,2292.0,80.6,87.2,74.2,71.4,18225.0,551.0,529.0,1648.0
2020-06-01,142342.0,159994.0,11.0,9.7,12.4,18.0,61.5,54.7,17652.0,9109.0,17110.0,10535.0,2829.0,684.0,2486.0,81.4,87.8,75.2,73.5,14174.0,563.0,572.0,2292.0
2020-07-01,143779.0,160132.0,10.2,9.0,11.3,16.5,61.5,55.2,16352.0,8418.0,17851.0,9268.0,2873.0,701.0,2027.0,81.2,87.5,75.1,73.8,12945.0,587.0,539.0,2294.0
2020-08-01,147245.0,160706.0,8.4,7.5,9.6,14.2,61.7,56.5,13461.0,7553.0,18660.0,6161.0,3344.0,551.0,2083.0,81.3,88.0,74.8,75.2,10249.0,615.0,545.0,2033.0
2020-09-01,147620.0,160174.0,7.8,7.0,8.9,12.8,61.4,56.6,12554.0,6283.0,18907.0,4621.0,3706.0,556.0,1921.0,80.9,87.6,74.4,75.1,9085.0,805.0,539.0,2083.0
2020-10-01,149931.0,161003.0,6.9,6.1,8.0,12.1,61.7,57.5,11072.0,6657.0,19466.0,3194.0,3623.0,594.0,1923.0,81.3,88.0,74.8,76.1,7679.0,765.0,517.0,1992.0
2020-11-01,149934.0,160629.0,6.7,6.0,7.8,11.9,61.5,57.4,10694.0,6635.0,18642.0,2800.0,3692.0,674.0,2068.0,81.0,87.5,74.7,76.1,7470.0,688.0,556.0,1970.0
2020-12-01,149975.0,160745.0,6.7,5.9,7.9,11.7,61.5,57.4,10770.0,6142.0,18165.0,3062.0,3431.0,661.0,2197.0,81.1,87.5,74.9,76.4,7293.0,754.0,507.0,2271.0
2021-01-01,149821.0,160081.0,6.4,5.6,7.5,11.2,61.4,57.4,10260.0,5948.0,18397.0,2740.0,3534.0,638.0,2053.0,81.1,87.7,74.7,76.4,7026.0,650.0,569.0,2027.0
2021-02-01,150234.0,160248.0,6.2,5.6,7.4,11.1,61.4,57.6,10013.0,6066.0,18359.0,2246.0,3476.0,529.0,1942.0,81.1,87.5,74.9,76.6,6580.0,705.0,595.0,2147.0
2021-03-01,150666.0,160439.0,6.1,5.3,7.2,10.8,61.5,57.7,9772.0,5784.0,19029.0,2032.0,3407.0,488.0,1783.0,81.3,87.5,75.3,76.8,6190.0,764.0,505.0,2302.0
2021-04-01,151045.0,160799.0,6.1,5.3,7.1,10.3,61.6,57.8,9754.0,5222.0,19138.0,2115.0,3457.0,573.0,1763.0,81.3,87.7,75.1,76.9,6338.0,817.0,560.0,2124.0
2021-05-01,151546.0,160806.0,5.8,5.1,6.9,10.1,61.6,58.0,9260.0,5245.0,19270.0,1836.0,3151.0,551.0,1872.0,81.3,87.9,74.9,77.1,5760.0,798.0,511.0,2180.0
2021-06-01,151721.0,161202.0,5.9,5.4,6.9,9.8,61.7,58.1,9481.0,4651.0,20377.0,1732.0,3160.0,631.0,1856.0,81.7,88.1,75.4,77.1,5681.0,950.0,496.0,2299.0
2021-07-01,152812.0,161543.0,5.4,4.8,6.5,9.2,61.8,58.4,8731.0,4455.0,20112.0,1277.0,2940.0,539.0,1923.0,81.8,88.3,75.6,77.8,5004.0,927.0,486.0,2296.0
2021-08-01,153258.0,161527.0,5.1,4.5,6.0,8.8,61.7,58.6,8269.0,4456.0,20342.0,1236.0,2490.0,367.0,1558.0,81.7,88.3,75.3,77.9,4446.0,831.0,509.0,2417.0
2021-09-01,153844.0,161454.0,4.7,4.1,5.7,8.4,61.7,58.8,7610.0,4476.0,20310.0,1130.0,2273.0,409.0,1732.0,81.6,88.1,75.2,78.0,4077.0,788.0,499.0,2231.0
2021-10-01,154468.0,161736.0,4.5,3.9,5.5,8.2,61.8,59.0,7267.0,4414.0,20673.0,1011.0,2094.0,460.0,1638.0,81.8,88.3,75.5,78.4,3663.0,845.0,532.0,2159.0
2021-11-01,155513.0,162243.0,4.1,3.5,5.1,7.7,61.9,59.3,6729.0,4301.0,20495.0,855.0,1888.0,471.0,1594.0,82.0,88.3,75.8,79.0,3331.0,836.0,428.0,2123.0
2021-12-01,156053.0,162466.0,3.9,3.3,4.9,7.3,62.0,59.5,6413.0,3949.0,20231.0,776.0,1719.0,468.0,1671.0,82.0,88.2,76.0,79.2,3086.0,720.0,509.0,2074.0
2022-01-01,157081.0,163614.0,4.0,3.4,4.9,7.1,62.2,59.7,6533.0,3720.0,20095.0,988.0,1663.0,422.0,1623.0,82.0,88.2,76.0,79.2,3286.0,947.0,448.0,1970.0
2022-02-01,157654.0,163978.0,3.9,3.2,4.7,7.2,62.3,59.9,6323.0,4105.0,20617.0,865.0,1569.0,393.0,1496.0,82.2,88.7,75.8,79.5,3003.0,961.0,431.0,1939.0
2022-03-01,158238.0,164271.0,3.7,2.9,4.5,7.0,62.4,60.1,6033.0,4137.0,20847.0,733.0,1370.0,330.0,1281.0,82.5,88.5,76.5,80.0,2753.0,784.0,467.0,2038.0
2022-04-01,157852.0,163847.0,3.7,3.0,4.6,7.0,62.2,59.9,5995.0,4013.0,20786.0,900.0,1389.0,477.0,1570.0,82.4,88.6,76.2,79.9,2892.0,793.0,509.0,1860.0
2022-05-01,158393.0,164372.0,3.6,3.0,4.5,7.1,62.3,60.1,5979.0,4314.0,20730.0,820.0,1335.0,379.0,1417.0,82.6,88.8,76.5,80.0,2694.0,778.0,535.0,1945.0
2022-06-01,158085.0,164059.0,3.6,3.0,4.5,6.7,62.2,59.9,5975.0,3652.0,20844.0,755.0,1280.0,386.0,1541.0,82.3,88.4,76.4,79.8,2583.0,839.0,452.0,2022.0
2022-07-01,158307.0,164076.0,3.5,2.8,4.4,6.8,62.1,60.0,5770.0,3934.0,21242.0,861.0,1203.0,472.0,1614.0,82.4,88.4,76.4,79.9,2651.0,844.0,486.0,1817.0
2022-08-01,158744.0,164653.0,3.6,3.0,4.4,6.9,62.3,60.1,5909.0,4131.0,21062.0,815.0,1369.0,337.0,1412.0,82.8,88.6,77.1,80.2,2764.0,903.0,424.0,1812.0
2022-09-01,158814.0,164561.0,3.5,2.8,4.4,6.7,62.2,60.1,5747.0,3869.0,21253.0,806.0,1170.0,462.0,1619.0,82.6,88.7,76.6,80.2,2529.0,903.0,459.0,1805.0
2022-10-01,158671.0,164620.0,3.6,3.0,4.5,6.7,62.2,60.0,5949.0,3676.0,21465.0,837.0,1269.0,373.0,1469.0,82.6,88.7,76.6,79.9,2681.0,862.0,496.0,1859.0
2022-11-01,158484.0,164402.0,3.6,2.9,4.5,6.7,62.1,59.9,5918.0,3718.0,21246.0,786.0,1339.0,430.0,1501.0,82.4,88.5,76.4,79.8,2732.0,826.0,565.0,1782.0
2022-12-01,159202.0,164983.0,3.5,2.8,4.2,6.6,62.3,60.1,5781.0,3891.0,21616.0,785.0,1353.0,421.0,1260.0,82.6,88.8,76.5,80.2,2621.0,818.0,496.0,1821.0
2023-01-01,160173.0,165943.0,3.5,2.8,4.3,6.7,62.4,60.2,5770.0,4042.0,22084.0,759.0,1290.0,349.0,1434.0,82.7,88.6,76.9,80.3,2591.0,880.0,560.0,1810.0
2023-02-01,160457.0,166443.0,3.6,2.9,4.4,6.8,62.5,60.3,5987.0,4042.0,21805.0,819.0,1409.0,361.0,1420.0,83.0,88.9,77.1,80.5,2778.0,890.0,522.0,1830.0
2023-03-01,160848.0,166707.0,3.5,2.9,4.3,6.7,62.6,60.4,5859.0,4076.0,21295.0,810.0,1544.0,303.0,1190.0,83.1,89.1,77.2,80.7,2918.0,839.0,475.0,1687.0
2023-04-01,160927.0,166674.0,3.4,2.9,4.3,6.6,62.6,60.4,5747.0,3882.0,21762.0,738.0,1405.0,386.0,1461.0,83.3,89.1,77.5,80.7,2633.0,786.0,548.0,1782.0
2023-05-01,160812.0,166896.0,3.6,3.1,4.5,6.7,62.6,60.3,6084.0,3734.0,21783.0,779.0,1593.0,396.0,1477.0,83.4,89.1,77.6,80.7,2977.0,774.0,516.0,1833.0
2023-06-01,160973.0,166958.0,3.6,3.0,4.4,6.9,62.6,60.3,5985.0,4218.0,21344.0,794.0,1444.0,320.0,1479.0,83.5,89.1,77.8,80.8,2806.0,799.0,549.0,1777.0
2023-07-01,161246.0,167169.0,3.5,2.8,4.4,6.7,62.6,60.4,5923.0,4009.0,22105.0,701.0,1402.0,381.0,1467.0,83.4,89.3,77.5,80.9,2683.0,854.0,524.0,1862.0
2023-08-01,161485.0,167760.0,3.7,3.0,4.6,7.1,62.8,60.4,6275.0,4215.0,21923.0,818.0,1542.0,364.0,1500.0,83.4,89.3,77.6,80.8,2944.0,804.0,574.0,1924.0
2023-09-01,161451.0,167725.0,3.7,3.0,4.6,7.0,62.7,60.4,6274.0,4088.0,22162.0,822.0,1421.0,351.0,1492.0,83.5,89.6,77.4,80.8,2878.0,795.0,571.0,2038.0
2023-10-01,161198.0,167661.0,3.9,3.1,4.7,7.2,62.6,60.2,6463.0,4293.0,21594.0,880.0,1623.0,428.0,1391.0,83.4,89.0,77.7,80.7,3084.0,800.0,635.0,1863.0
2023-11-01,161863.0,168090.0,3.7,3.1,4.6,7.0,62.8,60.4,6226.0,4008.0,21852.0,894.0,1580.0,455.0,1625.0,83.4,89.3,77.4,80.8,3055.0,818.0,576.0,1749.0
2023-12-01,161058.0,167388.0,3.8,3.2,4.7,7.2,62.5,60.1,6329.0,4223.0,22557.0,911.0,1567.0,350.0,1567.0,83.2,89.3,77.2,80.5,3082.0,827.0,621.0,1784.0
2024-01-01,161133.0,167308.0,3.7,3.2,4.6,7.2,62.5,60.2,6175.0,4418.0,22234.0,865.0,1585.0,466.0,1757.0,83.3,89.2,77.4,80.6,3047.0,791.0,566.0,1858.0
2024-02-01,161083.0,167569.0,3.9,3.2,4.7,7.3,62.6,60.2,6486.0,4349.0,22356.0,827.0,1739.0,425.0,1559.0,83.5,89.3,77.7,80.7,3222.0,710.0,639.0,1954.0
2024-03-01,161462.0,167983.0,3.9,3.1,4.8,7.3,62.7,60.3,6521.0,4293.0,22870.0,793.0,1661.0,286.0,1439.0,83.4,89.1,77.7,80.7,3061.0,822.0,659.0,1938.0
2024-04-01,161438.0,167923.0,3.9,3.2,4.8,7.4,62.6,60.2,6486.0,4457.0,22221.0,857.0,1739.0,380.0,1519.0,83.5,89.0,78.0,80.8,3211.0,785.0,586.0,1944.0
2024-05-01,161180.0,167807.0,3.9,3.2,4.8,7.4,62.6,60.1,6627.0,4416.0,22644.0,833.0,1748.0,445.0,1481.0,83.6,89.2,78.1,80.8,3201.0,725.0,645.0,2049.0
2024-06-01,161152.0,168034.0,4.1,3.4,4.9,7.4,62.6,60.0,6881.0,4236.0,22345.0,821.0,1648.0,369.0,1548.0,83.7,89.6,77.9,80.7,3192.0,754.0,709.0,2123.0
2024-07-01,161297.0,168395.0,4.2,3.5,5.1,7.8,62.7,60.0,7098.0,4569.0,22031.0,1091.0,1690.0,449.0,1628.0,84.0,90.0,78.1,80.9,3529.0,857.0,646.0,2180.0
2024-08-01,161429.0,168492.0,4.2,3.4,5.0,7.8,62.7,60.0,7063.0,4828.0,22438.0,868.0,1687.0,341.0,1359.0,83.9,89.4,78.4,80.9,3323.0,848.0,698.0,2136.0
2024-09-01,161813.0,168662.0,4.1,3.3,5.0,7.7,62.7,60.1,6849.0,4643.0,22551.0,902.0,1678.0,432.0,1676.0,83.8,89.5,78.1,80.9,3236.0,818.0,643.0,2053.0
2024-10-01,161444.0,168395.0,4.1,3.4,5.0,7.7,62.5,60.0,6951.0,4566.0,22336.0,818.0,1822.0,386.0,1547.0,83.5,89.3,77.8,80.6,3360.0,802.0,608.0,2145.0
2024-11-01,161159.0,168248.0,4.2,3.5,5.1,7.7,62.4,59.8,7089.0,4463.0,22311.0,769.0,1880.0,427.0,1615.0,83.5,89.3,77.7,80.5,3383.0,852.0,706.0,2149.0
2024-12-01,161586.0,168506.0,4.1,3.4,5.0,7.6,62.5,59.9,6920.0,4361.0,22622.0,865.0,1714.0,491.0,1565.0,83.4,89.0,77.9,80.5,3261.0,945.0,649.0,2050.0
2025-01-01,163831.0,170696.0,4.0,3.3,4.9,7.5,62.6,60.1,6865.0,4478.0,22334.0,837.0,1724.0,630.0,1703.0,83.5,89.3,77.7,80.7,3254.0,910.0,668.0,2132.0
2025-02-01,163338.0,170441.0,4.2,3.4,5.1,8.0,62.5,59.9,7104.0,4923.0,22468.0,819.0,1759.0,463.0,1733.0,83.5,89.1,77.9,80.5,3327.0,915.0,673.0,2212.0
2025-03-01,163509.0,170641.0,4.2,3.3,5.1,7.9,62.5,59.9,7132.0,4771.0,22647.0,818.0,1813.0,458.0,1539.0,83.3,89.2,77.6,80.4,3322.0,869.0,743.0,2182.0
2025-04-01,163898.0,171054.0,4.2,3.4,5.1,7.8,62.6,60.0,7155.0,4686.0,22733.0,873.0,1913.0,422.0,1571.0,83.6,89.5,77.7,80.7,3455.0,854.0,709.0,2240.0
2025-05-01,163244.0,170492.0,4.3,3.4,5.1,7.8,62.4,59.7,7248.0,4624.0,22600.0,879.0,1913.0,352.0,1500.0,83.4,89.2,77.8,80.5,3459.0,706.0,734.0,2291.0
2025-06-01,163327.0,170380.0,4.1,3.3,5.1,7.7,62.3,59.7,7054.0,4473.0,22572.0,867.0,1892.0,654.0,1862.0,83.5,89.4,77.7,80.7,3306.0,825.0,723.0,2160.0
2025-07-01,163140.0,170412.0,4.3,3.4,5.2,7.9,62.2,59.6,7272.0,4689.0,22773.0,940.0,1894.0,457.0,1751.0,83.4,89.2,77.7,80.4,3412.0,785.0,982.0,2199.0
2025-08-01,163370.0,170750.0,4.3,3.4,5.3,8.1,62.3,59.6,7380.0,4755.0,23270.0,890.0,1931.0,492.0,1791.0,83.7,89.8,77.8,80.7,3447.0,785.0,792.0,2302.0
2025-09-01,163656.0,171261.0,4.4,3.5,5.4,8.1,62.5,59.7,7605.0,4594.0,22728.0,844.0,2012.0,537.0,1807.0,83.7,89.5,78.0,80.7,3524.0,860.0,813.0,2336.0
2025-10-01,163707.1475409836,171398.70491803277,4.449180327868852,3.598360655737705,5.449180327868852,8.395081967213114,62.5,59.65081967213115,7691.55737704918,5033.180327868852,22895.213114754097,921.7049180327868,1974.622950819672,607.8196721311475,1839.4590163934427,83.74918032786886,89.54918032786885,78.09836065573771,80.65081967213115,3541.7049180327867,860.4918032786885,793.8196721311475,2465.8360655737706
2025-11-01,163760.0,171541.0,4.5,3.7,5.5,8.7,62.5,59.6,7781.0,5487.0,23068.0,1002.0,1936.0,681.0,1873.0,83.8,89.6,78.2,80.6,3560.0,861.0,774.0,2600.0
2025-12-01,163992.0,171495.0,4.4,3.5,5.3,8.4,62.4,59.7,7503.0,5341.0,22251.0,929.0,1969.0,459.0,1750.0,83.8,89.5,78.1,80.7,3473.0,832.0,840.0,2337.0
2026-01-01,163097.0,170465.0,4.3,3.6,5.2,8.1,62.1,59.4,7368.0,4873.0,22899.0,839.0,2008.0,509.0,1752.0,84.0,89.8,78.4,80.8,3495.0,1038.0,796.0,2168.0
2026-02-01,162912.0,170483.0,4.4,3.7,5.3,7.9,62.0,59.3,7571.0,4396.0,22728.0,925.0,2037.0,352.0,1626.0,83.9,89.7,78.3,80.7,3620.0,867.0,805.0,2320.0
2026-03-01,162848.0,170087.0,4.3,3.6,5.3,8.0,61.9,59.2,7239.0,4497.0,22767.0,877.0,1881.0,468.0,1809.0,83.8,89.4,78.5,80.7,3403.0,898.0,714.0,2254.0
