date,Job openings — total (level),Job openings — total (rate),Hires — total (level),Hires — total (rate),Separations — total (level),Separations — total (rate),Quits — total (level),Quits — total (rate),Layoffs & discharges — total (level),Layoffs & discharges — total (rate),Job openings — construction,Job openings — manufacturing,Job openings — retail trade,Job openings — professional & business,Job openings — education & health,Job openings — health care & social,Job openings — leisure & hospitality,"Job openings — arts, entertainment, recreation",Job openings — accommodation & food,Job openings — government,Job openings — state & local government,Quits rate — total private,Quits rate — construction,Quits rate — manufacturing,Quits rate — retail trade,Quits rate — information,Quits rate — financial activities,Quits rate — professional & business,Quits rate — private education & health,Quits rate — health care & social,Quits rate — leisure & hospitality,Quits rate — accommodation & food,Quits rate — government
2000-01-01,,,,,,,,,,,,,,,,,,,,,,,,,,,,,,,,,
2000-02-01,,,,,,,,,,,,,,,,,,,,,,,,,,,,,,,,,
2000-03-01,,,,,,,,,,,,,,,,,,,,,,,,,,,,,,,,,
2000-04-01,,,,,,,,,,,,,,,,,,,,,,,,,,,,,,,,,
2000-05-01,,,,,,,,,,,,,,,,,,,,,,,,,,,,,,,,,
2000-06-01,,,,,,,,,,,,,,,,,,,,,,,,,,,,,,,,,
2000-07-01,,,,,,,,,,,,,,,,,,,,,,,,,,,,,,,,,
2000-08-01,,,,,,,,,,,,,,,,,,,,,,,,,,,,,,,,,
2000-09-01,,,,,,,,,,,,,,,,,,,,,,,,,,,,,,,,,
2000-10-01,,,,,,,,,,,,,,,,,,,,,,,,,,,,,,,,,
2000-11-01,,,,,,,,,,,,,,,,,,,,,,,,,,,,,,,,,
2000-12-01,5088.0,3.7,5426.0,4.1,5240.0,3.9,2882.0,2.2,2018.0,1.5,233.0,425.0,502.0,871.0,919.0,864.0,566.0,42.0,525.0,548.0,481.0,2.4,1.6,1.9,3.3,1.6,2.3,2.8,2.0,2.2,4.8,5.2,0.7
2001-01-01,5234.0,3.8,5722.0,4.3,5842.0,4.4,3245.0,2.4,2220.0,1.7,241.0,445.0,533.0,888.0,842.0,801.0,654.0,57.0,597.0,482.0,413.0,2.8,2.4,1.7,3.4,2.7,2.1,3.4,1.9,2.1,5.6,6.3,0.8
2001-02-01,5097.0,3.7,5303.0,4.0,5231.0,3.9,3053.0,2.3,1855.0,1.4,253.0,420.0,586.0,1032.0,808.0,751.0,601.0,43.0,558.0,479.0,416.0,2.6,2.6,1.5,3.6,1.8,1.9,2.6,2.1,2.3,4.6,5.0,0.8
2001-03-01,4762.0,3.5,5528.0,4.2,5566.0,4.2,3054.0,2.3,2133.0,1.6,188.0,436.0,431.0,901.0,818.0,761.0,695.0,126.0,568.0,445.0,388.0,2.6,2.9,1.4,3.4,1.8,2.0,3.0,2.1,2.3,4.7,5.0,0.8
2001-04-01,4615.0,3.4,5204.0,3.9,5414.0,4.1,3163.0,2.4,1883.0,1.4,226.0,354.0,502.0,834.0,708.0,645.0,582.0,49.0,533.0,490.0,425.0,2.7,2.9,1.4,3.8,2.7,1.6,3.4,2.0,2.2,5.0,5.3,0.6
2001-05-01,4425.0,3.2,5410.0,4.1,5390.0,4.1,2993.0,2.3,2029.0,1.5,224.0,327.0,487.0,750.0,812.0,740.0,527.0,57.0,470.0,486.0,417.0,2.5,2.6,1.2,3.5,2.2,1.3,3.1,1.9,2.1,4.8,5.0,0.9
2001-06-01,4361.0,3.2,5109.0,3.9,5249.0,4.0,2878.0,2.2,2015.0,1.5,174.0,324.0,462.0,768.0,765.0,716.0,447.0,63.0,384.0,531.0,468.0,2.5,2.5,1.2,3.5,2.0,1.6,3.0,1.9,2.0,4.6,4.8,0.6
2001-07-01,4447.0,3.3,5244.0,4.0,5380.0,4.1,2947.0,2.2,2038.0,1.5,178.0,308.0,409.0,756.0,804.0,749.0,588.0,78.0,509.0,509.0,458.0,2.5,2.7,1.0,3.5,2.4,2.0,3.1,1.8,2.0,4.6,4.9,0.8
2001-08-01,4024.0,3.0,5223.0,4.0,5355.0,4.1,2928.0,2.2,2011.0,1.5,127.0,266.0,347.0,594.0,847.0,791.0,544.0,62.0,482.0,487.0,432.0,2.5,2.4,1.1,3.4,2.2,1.7,3.0,1.8,2.0,4.9,5.2,0.8
2001-09-01,4071.0,3.0,4954.0,3.8,5184.0,3.9,2703.0,2.1,2107.0,1.6,167.0,338.0,384.0,644.0,772.0,717.0,540.0,77.0,463.0,434.0,380.0,2.3,2.3,1.1,3.0,1.7,1.4,2.7,1.9,2.0,4.7,5.0,0.6
2001-10-01,3707.0,2.7,5078.0,3.9,5464.0,4.2,2795.0,2.1,2319.0,1.8,141.0,265.0,417.0,576.0,758.0,704.0,375.0,58.0,316.0,458.0,398.0,2.4,2.4,1.2,3.6,2.1,1.4,2.8,1.7,1.9,4.5,4.9,0.7
2001-11-01,3775.0,2.8,4914.0,3.7,5150.0,3.9,2560.0,2.0,2255.0,1.7,164.0,230.0,419.0,604.0,733.0,682.0,452.0,65.0,387.0,486.0,433.0,2.2,2.6,1.1,3.1,1.9,1.4,2.4,1.8,1.9,3.9,4.1,0.7
2001-12-01,3677.0,2.7,4829.0,3.7,4848.0,3.7,2559.0,2.0,1922.0,1.5,124.0,231.0,427.0,585.0,746.0,697.0,434.0,66.0,368.0,449.0,402.0,2.2,2.1,1.0,3.1,2.0,1.1,2.5,1.8,1.9,4.0,4.1,0.8
2002-01-01,3699.0,2.7,4855.0,3.7,5117.0,3.9,2845.0,2.2,1907.0,1.5,129.0,262.0,399.0,592.0,756.0,696.0,356.0,44.0,313.0,410.0,363.0,2.5,2.5,1.1,3.3,1.8,1.7,3.3,1.7,1.8,4.5,4.7,0.7
2002-02-01,3436.0,2.6,4801.0,3.7,4929.0,3.8,2572.0,2.0,1978.0,1.5,110.0,261.0,354.0,418.0,766.0,704.0,414.0,59.0,355.0,498.0,446.0,2.2,2.4,1.3,2.8,1.7,1.4,2.5,1.6,1.7,4.4,4.5,0.8
2002-03-01,3612.0,2.7,4706.0,3.6,4756.0,3.6,2493.0,1.9,1883.0,1.4,139.0,243.0,367.0,548.0,718.0,673.0,410.0,81.0,330.0,448.0,395.0,2.2,2.2,1.2,2.8,1.8,1.5,2.6,1.4,1.5,4.5,4.5,0.6
2002-04-01,3471.0,2.6,4928.0,3.8,4979.0,3.8,2624.0,2.0,1956.0,1.5,120.0,245.0,331.0,541.0,702.0,650.0,376.0,57.0,319.0,446.0,396.0,2.3,2.5,1.3,2.8,1.5,1.8,2.6,1.7,1.8,4.4,4.6,0.7
2002-05-01,3457.0,2.6,4857.0,3.7,4834.0,3.7,2537.0,1.9,1967.0,1.5,136.0,239.0,321.0,567.0,654.0,612.0,399.0,61.0,339.0,452.0,399.0,2.2,2.4,1.3,2.4,1.5,1.3,2.8,1.7,1.9,4.3,4.3,0.6
2002-06-01,3412.0,2.5,4869.0,3.7,4887.0,3.7,2522.0,1.9,2015.0,1.5,140.0,250.0,366.0,514.0,760.0,658.0,342.0,44.0,298.0,405.0,375.0,2.2,1.9,1.3,3.3,1.6,1.3,2.3,1.6,1.7,4.1,4.3,0.7
2002-07-01,3367.0,2.5,4946.0,3.8,5054.0,3.9,2561.0,2.0,2102.0,1.6,102.0,256.0,391.0,543.0,689.0,635.0,376.0,44.0,332.0,440.0,391.0,2.2,2.6,1.3,2.7,1.7,1.5,2.6,1.7,1.8,4.1,4.2,0.7
2002-08-01,3517.0,2.6,4871.0,3.7,4846.0,3.7,2561.0,2.0,1923.0,1.5,114.0,231.0,376.0,617.0,710.0,657.0,395.0,51.0,345.0,444.0,393.0,2.2,2.4,1.3,2.8,1.6,1.4,2.7,1.7,1.7,4.0,4.1,0.7
2002-09-01,3301.0,2.5,4879.0,3.7,4919.0,3.8,2521.0,1.9,2022.0,1.5,142.0,240.0,334.0,572.0,712.0,660.0,351.0,35.0,316.0,390.0,342.0,2.2,2.5,1.3,2.9,2.0,1.4,2.5,1.5,1.5,4.1,4.2,0.7
2002-10-01,3479.0,2.6,4798.0,3.7,4733.0,3.6,2423.0,1.9,1935.0,1.5,126.0,211.0,360.0,645.0,657.0,614.0,382.0,50.0,332.0,384.0,353.0,2.1,2.2,1.1,2.5,1.3,1.3,2.5,1.7,1.8,3.8,3.9,0.7
2002-11-01,3514.0,2.6,4792.0,3.7,4750.0,3.6,2403.0,1.8,1944.0,1.5,110.0,228.0,308.0,590.0,762.0,715.0,406.0,65.0,341.0,427.0,378.0,2.1,1.9,1.2,2.8,1.7,1.4,2.6,1.5,1.6,3.6,3.9,0.7
2002-12-01,3169.0,2.4,4893.0,3.7,4928.0,3.8,2501.0,1.9,2007.0,1.5,111.0,230.0,288.0,559.0,635.0,584.0,377.0,43.0,334.0,372.0,330.0,2.2,2.1,1.1,2.8,2.0,1.5,2.8,1.7,1.9,3.9,4.2,0.7
2003-01-01,3441.0,2.6,5058.0,3.9,4953.0,3.8,2429.0,1.9,2109.0,1.6,107.0,201.0,366.0,684.0,640.0,590.0,392.0,34.0,358.0,435.0,377.0,2.1,2.2,1.2,2.6,1.9,1.4,2.5,1.7,1.7,3.9,4.1,0.7
2003-02-01,3229.0,2.4,4714.0,3.6,4871.0,3.7,2490.0,1.9,2015.0,1.5,92.0,191.0,337.0,623.0,594.0,554.0,362.0,35.0,326.0,386.0,339.0,2.2,2.2,1.2,3.0,1.6,1.6,2.4,1.6,1.7,4.1,4.4,0.6
2003-03-01,3099.0,2.3,4470.0,3.4,4749.0,3.6,2394.0,1.8,1949.0,1.5,90.0,209.0,324.0,575.0,582.0,539.0,352.0,32.0,320.0,365.0,314.0,2.1,2.1,1.0,2.8,1.5,1.4,2.4,1.5,1.5,3.9,4.1,0.6
2003-04-01,3108.0,2.3,4600.0,3.5,4653.0,3.6,2279.0,1.8,1998.0,1.5,138.0,187.0,355.0,523.0,611.0,565.0,371.0,41.0,331.0,340.0,311.0,2.0,1.5,1.1,2.5,1.5,1.9,2.3,1.4,1.5,3.9,4.1,0.6
2003-05-01,3289.0,2.5,4678.0,3.6,4716.0,3.6,2291.0,1.8,2072.0,1.6,104.0,196.0,357.0,640.0,651.0,600.0,430.0,66.0,364.0,333.0,289.0,2.0,2.3,1.2,2.7,1.8,1.3,2.0,1.5,1.6,3.7,3.9,0.7
2003-06-01,3390.0,2.5,4682.0,3.6,4718.0,3.6,2315.0,1.8,2076.0,1.6,112.0,197.0,347.0,660.0,603.0,548.0,424.0,65.0,359.0,401.0,344.0,2.0,2.4,1.1,2.7,1.5,1.3,2.2,1.6,1.6,4.0,4.2,0.6
2003-07-01,2981.0,2.2,4639.0,3.6,4661.0,3.6,2271.0,1.7,2062.0,1.6,136.0,186.0,310.0,538.0,540.0,488.0,338.0,49.0,289.0,345.0,283.0,2.0,2.3,1.2,2.6,1.4,1.1,2.0,1.4,1.6,3.8,4.1,0.7
2003-08-01,3190.0,2.4,4666.0,3.6,4679.0,3.6,2195.0,1.7,2162.0,1.7,112.0,220.0,361.0,609.0,562.0,521.0,389.0,56.0,332.0,314.0,258.0,1.9,2.1,1.1,2.4,1.5,1.4,1.9,1.5,1.6,3.5,3.7,0.7
2003-09-01,3091.0,2.3,4799.0,3.7,4645.0,3.6,2354.0,1.8,1932.0,1.5,79.0,194.0,349.0,583.0,551.0,513.0,396.0,46.0,350.0,335.0,287.0,2.0,2.2,1.2,2.8,1.4,1.4,2.2,1.8,1.9,3.3,3.3,0.6
2003-10-01,3305.0,2.5,4902.0,3.8,4749.0,3.6,2415.0,1.9,1969.0,1.5,105.0,223.0,333.0,585.0,612.0,561.0,458.0,63.0,394.0,382.0,329.0,2.1,2.2,1.3,2.8,1.8,1.4,2.1,1.6,1.7,4.0,4.2,0.6
2003-11-01,3324.0,2.5,4767.0,3.7,4700.0,3.6,2411.0,1.8,1951.0,1.5,118.0,242.0,344.0,627.0,582.0,533.0,438.0,51.0,387.0,313.0,265.0,2.1,2.4,1.2,2.7,1.4,1.4,2.1,1.6,1.7,4.0,4.2,0.6
2003-12-01,3414.0,2.5,4984.0,3.8,4785.0,3.7,2444.0,1.9,2007.0,1.5,135.0,243.0,405.0,634.0,565.0,521.0,446.0,59.0,387.0,326.0,272.0,2.1,2.7,1.3,2.8,1.3,1.4,2.1,1.6,1.7,3.8,4.0,0.7
2004-01-01,3424.0,2.6,4900.0,3.7,4722.0,3.6,2354.0,1.8,2037.0,1.6,170.0,238.0,346.0,556.0,613.0,568.0,454.0,77.0,376.0,329.0,272.0,2.0,2.3,1.3,2.9,1.0,1.4,1.9,1.7,1.8,3.5,3.8,0.6
2004-02-01,3532.0,2.6,4788.0,3.7,4754.0,3.6,2448.0,1.9,1985.0,1.5,125.0,231.0,415.0,620.0,611.0,560.0,467.0,77.0,389.0,351.0,298.0,2.1,2.4,1.3,2.8,1.6,1.5,2.1,1.6,1.6,3.9,4.2,0.7
2004-03-01,3525.0,2.6,5227.0,4.0,4996.0,3.8,2582.0,2.0,2065.0,1.6,149.0,249.0,399.0,570.0,634.0,578.0,443.0,56.0,387.0,366.0,313.0,2.2,2.5,1.3,3.0,1.5,1.4,2.4,1.6,1.7,4.2,4.5,0.7
2004-04-01,3511.0,2.6,5152.0,3.9,4854.0,3.7,2534.0,1.9,2010.0,1.5,146.0,269.0,402.0,624.0,625.0,577.0,410.0,38.0,372.0,353.0,298.0,2.2,2.5,1.3,3.0,1.6,1.7,2.0,1.7,1.8,3.9,4.1,0.7
2004-05-01,3710.0,2.7,4976.0,3.8,4688.0,3.6,2428.0,1.8,1914.0,1.5,150.0,288.0,435.0,676.0,625.0,574.0,429.0,54.0,374.0,367.0,336.0,2.1,2.2,1.2,2.5,1.1,1.8,1.9,1.6,1.6,4.2,4.5,0.7
2004-06-01,3337.0,2.5,5009.0,3.8,4896.0,3.7,2659.0,2.0,1887.0,1.4,116.0,265.0,395.0,584.0,538.0,496.0,466.0,58.0,408.0,335.0,286.0,2.3,2.8,1.3,2.9,1.6,1.9,2.5,1.6,1.6,4.0,4.3,0.7
2004-07-01,3814.0,2.8,4891.0,3.7,4828.0,3.7,2609.0,2.0,1885.0,1.4,124.0,283.0,435.0,686.0,611.0,555.0,516.0,51.0,465.0,332.0,292.0,2.2,2.1,1.3,3.0,1.3,2.0,2.3,1.7,1.9,4.0,4.2,0.6
2004-08-01,3541.0,2.6,5013.0,3.8,4904.0,3.7,2586.0,2.0,1974.0,1.5,148.0,267.0,397.0,642.0,601.0,546.0,465.0,53.0,412.0,326.0,289.0,2.2,2.2,1.2,3.3,2.1,1.5,2.3,1.6,1.7,4.1,4.4,0.6
2004-09-01,3821.0,2.8,5062.0,3.8,4886.0,3.7,2531.0,1.9,2027.0,1.5,112.0,260.0,527.0,679.0,603.0,552.0,524.0,70.0,454.0,346.0,296.0,2.2,2.4,1.3,2.9,1.2,1.6,2.4,1.5,1.5,3.9,4.2,0.6
2004-10-01,3943.0,2.9,5149.0,3.9,4786.0,3.6,2550.0,1.9,1903.0,1.4,148.0,279.0,462.0,777.0,671.0,586.0,486.0,53.0,432.0,386.0,339.0,2.2,2.4,1.2,3.0,1.1,1.8,2.1,1.5,1.6,3.9,4.1,0.6
2004-11-01,3472.0,2.6,5181.0,3.9,5134.0,3.9,2789.0,2.1,2037.0,1.5,146.0,242.0,317.0,673.0,626.0,570.0,428.0,82.0,346.0,358.0,306.0,2.4,2.5,1.5,3.2,1.7,1.6,2.6,1.7,1.8,4.3,4.6,0.6
2004-12-01,4074.0,3.0,5153.0,3.9,4964.0,3.7,2695.0,2.0,1951.0,1.5,175.0,269.0,437.0,881.0,656.0,590.0,471.0,112.0,358.0,400.0,343.0,2.3,2.2,1.4,2.9,1.5,1.5,2.5,1.6,1.7,4.4,4.6,0.7
2005-01-01,3804.0,2.8,5201.0,3.9,5045.0,3.8,2732.0,2.1,2008.0,1.5,144.0,283.0,440.0,732.0,610.0,554.0,541.0,79.0,462.0,314.0,280.0,2.3,2.7,1.3,2.9,1.8,1.7,2.5,1.6,1.7,4.3,4.5,0.7
2005-02-01,3965.0,2.9,5276.0,4.0,5075.0,3.8,2651.0,2.0,2068.0,1.6,166.0,280.0,484.0,750.0,632.0,589.0,525.0,81.0,444.0,368.0,321.0,2.3,2.4,1.3,3.0,1.7,1.4,2.5,1.7,1.8,4.1,4.3,0.7
2005-03-01,4044.0,2.9,5273.0,4.0,5238.0,3.9,2747.0,2.1,2188.0,1.6,167.0,286.0,516.0,736.0,689.0,622.0,558.0,96.0,461.0,352.0,310.0,2.3,2.6,1.4,3.0,1.9,1.6,2.6,1.8,1.9,4.1,4.3,0.7
2005-04-01,4159.0,3.0,5362.0,4.0,4998.0,3.7,2741.0,2.1,1957.0,1.5,134.0,289.0,536.0,714.0,666.0,600.0,625.0,101.0,524.0,353.0,313.0,2.3,2.2,1.3,3.1,1.8,1.4,2.7,1.8,1.9,4.2,4.3,0.7
2005-05-01,3797.0,2.8,5271.0,3.9,5110.0,3.8,2763.0,2.1,2021.0,1.5,120.0,268.0,455.0,663.0,697.0,626.0,535.0,71.0,464.0,349.0,305.0,2.3,2.5,1.2,3.2,1.7,1.7,2.6,1.6,1.7,4.2,4.5,0.7
2005-06-01,4062.0,2.9,5376.0,4.0,5095.0,3.8,2754.0,2.1,2015.0,1.5,134.0,256.0,448.0,764.0,695.0,601.0,577.0,91.0,486.0,357.0,315.0,2.3,2.2,1.4,3.2,1.7,1.7,2.6,1.7,1.9,4.0,4.2,0.7
2005-07-01,4256.0,3.1,5328.0,4.0,4946.0,3.7,2735.0,2.0,1898.0,1.4,151.0,290.0,487.0,837.0,699.0,635.0,536.0,99.0,436.0,392.0,344.0,2.3,2.6,1.4,3.2,0.9,1.4,2.2,1.7,1.8,4.6,4.9,0.6
2005-08-01,4142.0,3.0,5409.0,4.0,5210.0,3.9,2957.0,2.2,1905.0,1.4,156.0,294.0,510.0,777.0,693.0,625.0,514.0,90.0,424.0,384.0,328.0,2.5,3.0,1.3,3.6,1.8,1.6,2.5,1.7,1.8,4.6,4.9,0.7
2005-09-01,4352.0,3.1,5493.0,4.1,5404.0,4.0,3046.0,2.3,2032.0,1.5,153.0,330.0,514.0,818.0,719.0,636.0,485.0,73.0,412.0,399.0,346.0,2.6,3.3,1.5,3.2,2.0,1.6,2.8,1.8,1.9,4.9,5.2,0.7
2005-10-01,4184.0,3.0,5124.0,3.8,5047.0,3.7,2863.0,2.1,1873.0,1.4,182.0,270.0,470.0,705.0,689.0,610.0,505.0,73.0,431.0,365.0,321.0,2.4,3.0,1.5,3.2,2.0,1.3,2.1,1.7,1.8,5.0,5.0,0.8
2005-11-01,4248.0,3.1,5344.0,4.0,5005.0,3.7,2895.0,2.1,1769.0,1.3,177.0,354.0,505.0,783.0,679.0,602.0,529.0,61.0,469.0,368.0,327.0,2.4,2.8,1.4,3.2,1.8,1.6,2.5,1.7,1.8,4.5,4.8,0.7
2005-12-01,4282.0,3.1,5294.0,3.9,5170.0,3.8,2849.0,2.1,1923.0,1.4,158.0,324.0,465.0,750.0,691.0,620.0,587.0,71.0,517.0,435.0,385.0,2.4,3.1,1.3,3.4,1.8,1.5,2.5,1.6,1.7,4.3,4.5,0.7
2006-01-01,4397.0,3.1,5271.0,3.9,5060.0,3.7,2945.0,2.2,1784.0,1.3,171.0,319.0,465.0,748.0,735.0,654.0,634.0,123.0,511.0,397.0,349.0,2.4,2.7,1.3,3.4,1.7,1.7,2.9,1.5,1.5,4.7,4.9,0.8
2006-02-01,4325.0,3.1,5474.0,4.0,5232.0,3.9,2965.0,2.2,1882.0,1.4,163.0,354.0,465.0,770.0,746.0,671.0,594.0,82.0,512.0,376.0,332.0,2.5,2.4,1.4,3.3,1.9,1.9,2.9,1.7,1.8,4.6,4.9,0.8
2006-03-01,4732.0,3.4,5524.0,4.1,5242.0,3.9,2956.0,2.2,1888.0,1.4,180.0,354.0,583.0,853.0,723.0,627.0,563.0,64.0,500.0,419.0,379.0,2.4,2.6,1.4,3.4,1.7,1.7,2.7,1.6,1.8,4.4,4.6,0.8
2006-04-01,4790.0,3.4,5215.0,3.8,5055.0,3.7,2778.0,2.0,1853.0,1.4,183.0,366.0,481.0,923.0,728.0,653.0,676.0,87.0,589.0,422.0,374.0,2.3,2.7,1.3,3.3,1.8,1.4,2.8,1.6,1.7,3.8,4.1,0.7
2006-05-01,4463.0,3.2,5498.0,4.0,5428.0,4.0,3002.0,2.2,1991.0,1.5,158.0,296.0,511.0,855.0,691.0,612.0,545.0,59.0,487.0,429.0,382.0,2.5,2.7,1.6,3.3,2.1,1.5,2.8,1.8,1.9,4.4,4.8,0.8
2006-06-01,4614.0,3.3,5455.0,4.0,5271.0,3.9,3042.0,2.2,1817.0,1.3,170.0,343.0,540.0,919.0,719.0,670.0,539.0,66.0,473.0,413.0,368.0,2.5,2.7,1.3,3.4,2.0,1.7,2.7,1.9,1.9,4.9,5.2,0.8
2006-07-01,4394.0,3.1,5573.0,4.1,5336.0,3.9,3047.0,2.2,1860.0,1.4,175.0,297.0,417.0,949.0,630.0,565.0,589.0,67.0,522.0,488.0,435.0,2.5,2.4,1.5,3.4,2.1,1.9,3.1,1.8,1.9,4.4,4.7,0.8
2006-08-01,4710.0,3.3,5373.0,3.9,5199.0,3.8,3056.0,2.2,1775.0,1.3,189.0,340.0,494.0,948.0,766.0,696.0,571.0,57.0,514.0,432.0,394.0,2.5,2.3,1.4,3.2,1.8,1.7,3.0,1.8,1.9,4.5,4.9,0.8
2006-09-01,4737.0,3.3,5288.0,3.9,5100.0,3.7,2888.0,2.1,1831.0,1.3,165.0,336.0,520.0,911.0,765.0,686.0,575.0,109.0,467.0,473.0,438.0,2.4,2.0,1.3,3.1,2.1,1.9,2.9,1.7,1.8,4.4,4.8,0.7
2006-10-01,4591.0,3.2,5375.0,3.9,5290.0,3.9,2983.0,2.2,1898.0,1.4,163.0,345.0,494.0,844.0,776.0,711.0,588.0,92.0,496.0,407.0,372.0,2.5,2.1,1.4,3.1,1.8,2.0,3.2,1.8,1.9,4.5,4.8,0.7
2006-11-01,4645.0,3.3,5495.0,4.0,5349.0,3.9,3043.0,2.2,1926.0,1.4,140.0,313.0,492.0,861.0,810.0,736.0,616.0,86.0,530.0,438.0,402.0,2.5,2.1,1.7,3.4,1.8,1.9,2.9,1.7,1.8,4.5,4.7,0.7
2006-12-01,4620.0,3.3,5214.0,3.8,5138.0,3.7,2999.0,2.2,1772.0,1.3,139.0,335.0,544.0,795.0,767.0,698.0,580.0,84.0,496.0,442.0,409.0,2.5,2.2,1.7,3.0,1.6,1.8,3.0,1.8,1.9,4.6,4.8,0.7
2007-01-01,4763.0,3.3,5426.0,3.9,5263.0,3.8,2956.0,2.1,1922.0,1.4,266.0,337.0,500.0,957.0,757.0,694.0,512.0,83.0,429.0,460.0,428.0,2.4,2.0,1.6,3.0,1.5,2.0,2.9,1.7,1.7,4.4,4.8,0.8
2007-02-01,4699.0,3.3,5160.0,3.8,5152.0,3.7,2933.0,2.1,1850.0,1.3,261.0,346.0,502.0,861.0,725.0,656.0,554.0,75.0,478.0,438.0,401.0,2.4,1.9,1.5,3.2,1.5,1.8,2.9,1.8,1.9,4.4,4.7,0.7
2007-03-01,4962.0,3.5,5479.0,4.0,5236.0,3.8,2997.0,2.2,1882.0,1.4,184.0,377.0,474.0,1004.0,768.0,695.0,625.0,88.0,537.0,435.0,395.0,2.4,2.0,1.5,3.0,1.7,2.0,3.0,1.6,1.7,4.5,4.8,0.8
2007-04-01,4689.0,3.3,5353.0,3.9,5278.0,3.8,2911.0,2.1,2000.0,1.5,182.0,349.0,487.0,953.0,779.0,707.0,563.0,77.0,486.0,434.0,394.0,2.4,2.0,1.5,3.0,1.8,1.9,2.7,1.7,1.8,4.6,5.1,0.8
2007-05-01,4657.0,3.3,5469.0,4.0,5303.0,3.8,3010.0,2.2,1967.0,1.4,168.0,363.0,439.0,909.0,815.0,749.0,584.0,64.0,520.0,435.0,393.0,2.4,2.1,1.5,3.1,1.4,2.0,3.1,1.8,1.9,4.1,4.4,0.8
2007-06-01,4859.0,3.4,5267.0,3.8,5108.0,3.7,2910.0,2.1,1845.0,1.3,174.0,353.0,506.0,959.0,819.0,733.0,633.0,113.0,520.0,444.0,409.0,2.4,1.9,1.4,3.2,1.6,1.6,2.7,1.6,1.7,4.7,5.0,0.7
2007-07-01,4598.0,3.2,5217.0,3.8,5225.0,3.8,2951.0,2.1,1896.0,1.4,183.0,360.0,498.0,814.0,735.0,668.0,629.0,70.0,559.0,449.0,413.0,2.4,2.9,1.3,2.9,1.0,1.6,2.9,1.7,1.8,4.7,5.0,0.8
2007-08-01,4546.0,3.2,5358.0,3.9,5382.0,3.9,3014.0,2.2,2033.0,1.5,163.0,320.0,458.0,742.0,802.0,723.0,635.0,64.0,572.0,460.0,412.0,2.5,2.3,1.5,3.1,1.5,2.0,3.2,1.7,1.8,4.5,4.7,0.8
2007-09-01,4652.0,3.3,5344.0,3.9,5197.0,3.8,2691.0,1.9,2188.0,1.6,137.0,320.0,462.0,845.0,871.0,795.0,676.0,67.0,609.0,448.0,392.0,2.2,2.1,1.4,3.2,1.4,1.7,2.8,1.5,1.5,3.3,3.4,0.7
2007-10-01,4636.0,3.2,5398.0,3.9,5252.0,3.8,2926.0,2.1,1998.0,1.4,166.0,280.0,442.0,1049.0,745.0,674.0,608.0,76.0,532.0,429.0,381.0,2.4,2.2,1.5,3.3,1.3,1.7,2.8,1.6,1.6,4.6,4.9,0.7
2007-11-01,4646.0,3.3,5176.0,3.7,5118.0,3.7,2784.0,2.0,1966.0,1.4,143.0,317.0,485.0,995.0,768.0,696.0,635.0,103.0,532.0,452.0,405.0,2.3,2.1,1.4,2.9,1.5,1.6,2.8,1.7,1.7,4.4,4.7,0.7
2007-12-01,4545.0,3.2,5119.0,3.7,5045.0,3.6,2773.0,2.0,1915.0,1.4,145.0,307.0,417.0,1036.0,781.0,712.0,582.0,57.0,525.0,441.0,380.0,2.3,1.9,1.5,3.3,1.5,1.4,2.4,1.5,1.6,4.4,4.6,0.7
2008-01-01,4624.0,3.2,5071.0,3.7,5149.0,3.7,2847.0,2.1,1989.0,1.4,158.0,287.0,450.0,988.0,746.0,680.0,574.0,57.0,517.0,413.0,372.0,2.3,1.9,1.4,3.1,1.6,2.0,2.5,1.7,1.7,4.3,4.6,0.7
2008-02-01,4279.0,3.0,5077.0,3.7,5219.0,3.8,2881.0,2.1,1995.0,1.4,136.0,268.0,390.0,967.0,806.0,740.0,552.0,66.0,486.0,430.0,388.0,2.4,2.1,1.4,2.8,1.6,1.9,3.2,1.6,1.7,4.1,4.4,0.7
2008-03-01,4225.0,3.0,4924.0,3.6,4940.0,3.6,2661.0,1.9,1918.0,1.4,104.0,256.0,409.0,920.0,795.0,727.0,583.0,74.0,509.0,422.0,369.0,2.2,1.7,1.4,2.7,1.2,1.6,2.6,1.7,1.8,4.1,4.4,0.6
2008-04-01,4035.0,2.8,4948.0,3.6,5167.0,3.7,2837.0,2.1,1958.0,1.4,101.0,271.0,427.0,838.0,715.0,644.0,549.0,61.0,488.0,422.0,379.0,2.3,2.2,1.4,3.0,1.3,1.6,2.9,1.8,1.9,4.1,4.3,0.7
2008-05-01,4194.0,3.0,4691.0,3.4,4852.0,3.5,2607.0,1.9,1950.0,1.4,167.0,278.0,450.0,821.0,734.0,668.0,555.0,72.0,483.0,441.0,394.0,2.1,1.8,1.2,2.8,1.2,1.5,2.5,1.4,1.4,4.3,4.5,0.6
2008-06-01,3830.0,2.7,4893.0,3.6,5061.0,3.7,2595.0,1.9,2172.0,1.6,134.0,239.0,376.0,736.0,761.0,699.0,471.0,53.0,417.0,434.0,378.0,2.1,1.9,1.2,2.6,1.1,1.4,2.8,1.5,1.5,4.1,4.3,0.6
2008-07-01,3749.0,2.7,4637.0,3.4,4845.0,3.5,2489.0,1.8,2071.0,1.5,117.0,238.0,398.0,665.0,765.0,670.0,440.0,54.0,385.0,411.0,354.0,2.1,2.7,1.0,2.6,1.1,1.2,2.4,1.5,1.6,3.9,4.1,0.6
2008-08-01,3674.0,2.6,4682.0,3.4,5006.0,3.6,2445.0,1.8,2190.0,1.6,79.0,249.0,441.0,659.0,700.0,633.0,431.0,77.0,354.0,384.0,340.0,2.0,2.3,1.0,2.9,1.3,1.2,2.2,1.5,1.5,3.7,4.0,0.7
2008-09-01,3222.0,2.3,4499.0,3.3,4902.0,3.6,2468.0,1.8,2088.0,1.5,111.0,214.0,273.0,631.0,611.0,559.0,410.0,56.0,354.0,379.0,343.0,2.0,1.7,1.1,2.8,1.0,1.5,2.4,1.5,1.5,3.9,4.1,0.6
2008-10-01,3377.0,2.4,4548.0,3.3,4965.0,3.6,2347.0,1.7,2250.0,1.7,73.0,239.0,455.0,577.0,665.0,592.0,409.0,54.0,355.0,382.0,332.0,1.9,1.6,1.1,2.5,1.2,1.3,2.3,1.5,1.6,3.7,4.0,0.6
2008-11-01,3231.0,2.3,4104.0,3.0,4819.0,3.6,2157.0,1.6,2290.0,1.7,70.0,189.0,417.0,527.0,673.0,606.0,349.0,53.0,295.0,385.0,338.0,1.8,1.5,0.9,2.4,1.0,1.3,2.3,1.3,1.4,3.4,3.8,0.5
2008-12-01,3146.0,2.3,4348.0,3.2,4875.0,3.6,2084.0,1.5,2482.0,1.8,64.0,164.0,388.0,578.0,621.0,548.0,348.0,50.0,298.0,329.0,292.0,1.7,1.4,0.8,2.5,1.0,0.9,2.0,1.3,1.4,3.2,3.5,0.6
2009-01-01,2738.0,2.0,4095.0,3.1,4865.0,3.6,1976.0,1.5,2581.0,1.9,41.0,116.0,376.0,536.0,587.0,521.0,241.0,35.0,206.0,359.0,298.0,1.7,1.3,0.9,2.3,1.1,0.9,2.0,1.3,1.4,3.1,3.3,0.5
2009-02-01,2864.0,2.1,4061.0,3.0,4852.0,3.6,1952.0,1.5,2599.0,1.9,82.0,136.0,323.0,533.0,554.0,501.0,326.0,30.0,296.0,368.0,310.0,1.7,1.5,0.8,2.1,1.0,1.0,1.8,1.3,1.3,3.2,3.4,0.5
2009-03-01,2534.0,1.9,3858.0,2.9,4720.0,3.6,1834.0,1.4,2575.0,1.9,47.0,117.0,297.0,452.0,514.0,467.0,263.0,24.0,239.0,362.0,261.0,1.6,1.5,0.7,2.2,1.3,1.0,1.7,1.2,1.3,2.9,3.2,0.5
2009-04-01,2295.0,1.7,3888.0,2.9,4690.0,3.6,1712.0,1.3,2654.0,2.0,24.0,88.0,219.0,438.0,513.0,466.0,273.0,25.0,247.0,358.0,307.0,1.5,1.0,0.6,1.9,1.2,0.9,1.7,1.2,1.2,2.8,2.9,0.5
2009-05-01,2549.0,1.9,3758.0,2.9,4192.0,3.2,1683.0,1.3,2231.0,1.7,46.0,92.0,406.0,446.0,527.0,487.0,296.0,28.0,268.0,274.0,249.0,1.5,1.3,0.7,1.8,1.4,0.8,1.8,1.2,1.3,2.6,2.7,0.5
2009-06-01,2503.0,1.9,3639.0,2.8,4234.0,3.2,1685.0,1.3,2261.0,1.7,61.0,99.0,299.0,405.0,526.0,470.0,283.0,19.0,264.0,324.0,279.0,1.5,1.3,0.7,1.9,1.1,0.7,1.7,1.3,1.4,2.7,2.7,0.4
2009-07-01,2232.0,1.7,3857.0,3.0,4235.0,3.2,1685.0,1.3,2267.0,1.7,45.0,91.0,196.0,449.0,533.0,492.0,259.0,36.0,223.0,286.0,235.0,1.5,1.1,0.8,2.0,1.2,0.9,1.6,1.2,1.3,2.6,2.8,0.5
2009-08-01,2338.0,1.8,3810.0,2.9,3985.0,3.1,1555.0,1.2,2119.0,1.6,58.0,116.0,281.0,420.0,540.0,487.0,198.0,25.0,173.0,304.0,273.0,1.3,0.7,0.7,1.7,1.0,0.8,1.5,1.2,1.3,2.6,2.8,0.4
2009-09-01,2487.0,1.9,3944.0,3.0,4126.0,3.2,1627.0,1.2,2195.0,1.7,64.0,127.0,261.0,464.0,546.0,505.0,286.0,26.0,260.0,287.0,223.0,1.4,1.3,0.8,1.8,0.9,0.8,1.6,1.3,1.4,2.3,2.6,0.4
2009-10-01,2406.0,1.8,3838.0,3.0,3996.0,3.1,1660.0,1.3,2028.0,1.6,55.0,128.0,215.0,413.0,527.0,483.0,261.0,17.0,244.0,382.0,271.0,1.5,1.1,0.7,1.9,0.9,1.0,1.6,1.3,1.4,2.5,2.7,0.4
2009-11-01,2503.0,1.9,4024.0,3.1,4002.0,3.1,1810.0,1.4,1913.0,1.5,65.0,152.0,241.0,435.0,514.0,474.0,279.0,29.0,251.0,351.0,257.0,1.6,1.6,0.6,2.0,1.5,1.0,1.7,1.3,1.4,2.9,3.0,0.5
2009-12-01,2568.0,1.9,4004.0,3.1,4099.0,3.2,1766.0,1.4,2033.0,1.6,77.0,181.0,299.0,432.0,547.0,493.0,258.0,19.0,239.0,330.0,260.0,1.5,1.5,0.6,2.1,1.0,1.1,1.8,1.3,1.3,2.9,3.1,0.5
2010-01-01,2837.0,2.1,3904.0,3.0,3940.0,3.0,1742.0,1.3,1880.0,1.4,58.0,146.0,332.0,457.0,618.0,589.0,279.0,22.0,257.0,404.0,255.0,1.5,1.8,0.7,1.8,0.5,1.1,2.0,1.2,1.2,2.9,2.9,0.5
2010-02-01,2666.0,2.0,3864.0,3.0,4011.0,3.1,1844.0,1.4,1825.0,1.4,73.0,162.0,343.0,430.0,524.0,461.0,266.0,27.0,239.0,343.0,222.0,1.6,1.5,0.9,2.3,1.0,1.1,1.9,1.2,1.2,2.9,3.1,0.5
2010-03-01,2679.0,2.0,4302.0,3.3,4089.0,3.1,1856.0,1.4,1924.0,1.5,84.0,157.0,348.0,390.0,535.0,450.0,239.0,28.0,211.0,408.0,259.0,1.6,1.5,0.8,2.1,1.7,1.0,2.1,1.2,1.3,2.8,3.1,0.5
2010-04-01,3153.0,2.4,4159.0,3.2,3945.0,3.0,1897.0,1.5,1749.0,1.3,85.0,176.0,294.0,513.0,514.0,456.0,283.0,28.0,255.0,623.0,249.0,1.7,1.1,0.8,2.3,0.9,1.2,2.1,1.4,1.5,2.8,2.9,0.5
2010-05-01,2988.0,2.2,4420.0,3.4,3924.0,3.0,1813.0,1.4,1762.0,1.3,78.0,184.0,323.0,603.0,507.0,435.0,312.0,52.0,260.0,385.0,242.0,1.6,1.1,0.7,2.2,0.8,1.1,2.0,1.2,1.2,2.7,2.9,0.4
2010-06-01,2801.0,2.1,4111.0,3.1,4311.0,3.3,1911.0,1.5,2075.0,1.6,74.0,201.0,314.0,582.0,461.0,408.0,329.0,62.0,267.0,301.0,214.0,1.6,1.1,0.8,2.2,1.0,1.4,2.2,1.3,1.4,2.5,2.7,0.6
2010-07-01,3082.0,2.3,4163.0,3.2,4269.0,3.3,1785.0,1.4,2166.0,1.7,102.0,218.0,324.0,621.0,536.0,470.0,323.0,39.0,285.0,324.0,240.0,1.6,1.3,0.7,2.3,1.0,1.1,1.9,1.2,1.3,2.6,2.7,0.5
2010-08-01,2999.0,2.2,4046.0,3.1,4054.0,3.1,1842.0,1.4,1890.0,1.4,52.0,183.0,284.0,641.0,491.0,436.0,364.0,45.0,319.0,346.0,245.0,1.6,1.4,0.9,2.1,0.9,1.0,2.3,1.2,1.3,2.6,2.7,0.5
2010-09-01,2918.0,2.2,4034.0,3.1,4045.0,3.1,1895.0,1.5,1832.0,1.4,77.0,185.0,255.0,634.0,522.0,469.0,317.0,33.0,283.0,337.0,251.0,1.6,1.5,0.8,2.2,1.1,1.2,2.2,1.2,1.3,2.7,2.8,0.6
2010-10-01,3235.0,2.4,4173.0,3.2,3884.0,3.0,1846.0,1.4,1745.0,1.3,67.0,194.0,333.0,652.0,627.0,562.0,417.0,35.0,382.0,345.0,271.0,1.6,1.5,0.9,2.1,1.4,0.9,2.1,1.2,1.3,2.8,2.7,0.5
2010-11-01,3211.0,2.4,4182.0,3.2,4067.0,3.1,1887.0,1.4,1849.0,1.4,88.0,232.0,327.0,700.0,557.0,495.0,319.0,28.0,291.0,337.0,265.0,1.6,1.3,0.8,2.2,1.6,1.0,2.1,1.3,1.3,2.8,2.9,0.5
2010-12-01,3058.0,2.3,4299.0,3.3,4142.0,3.2,1977.0,1.5,1854.0,1.4,46.0,197.0,325.0,579.0,551.0,493.0,352.0,41.0,312.0,399.0,308.0,1.7,1.6,0.9,2.0,1.5,1.3,2.3,1.2,1.3,2.9,3.0,0.5
2011-01-01,3104.0,2.3,4000.0,3.1,4001.0,3.1,1832.0,1.4,1827.0,1.4,65.0,221.0,353.0,538.0,547.0,473.0,366.0,36.0,331.0,338.0,277.0,1.6,1.3,0.9,1.7,1.0,1.1,2.2,1.1,1.2,2.9,3.0,0.6
2011-02-01,3226.0,2.4,4231.0,3.2,4037.0,3.1,1958.0,1.5,1755.0,1.3,51.0,216.0,397.0,610.0,574.0,505.0,389.0,47.0,342.0,316.0,258.0,1.7,1.3,0.8,2.1,1.2,1.0,2.4,1.2,1.2,2.8,2.9,0.5
2011-03-01,3261.0,2.4,4430.0,3.4,4142.0,3.2,2033.0,1.5,1794.0,1.4,65.0,214.0,351.0,641.0,606.0,547.0,393.0,41.0,352.0,323.0,269.0,1.8,1.5,1.0,2.3,1.2,1.2,2.6,1.3,1.3,2.9,3.0,0.5
2011-04-01,3259.0,2.4,4296.0,3.3,3991.0,3.0,1882.0,1.4,1792.0,1.4,77.0,231.0,401.0,590.0,604.0,533.0,331.0,41.0,289.0,341.0,288.0,1.6,1.7,0.9,2.1,1.5,1.0,2.1,1.2,1.2,2.8,2.9,0.5
2011-05-01,3179.0,2.4,4261.0,3.2,4189.0,3.2,1965.0,1.5,1904.0,1.4,109.0,216.0,431.0,585.0,583.0,534.0,319.0,40.0,279.0,298.0,235.0,1.7,1.5,0.9,2.3,1.3,1.0,2.1,1.3,1.3,2.8,2.9,0.6
2011-06-01,3455.0,2.6,4366.0,3.3,4173.0,3.2,1923.0,1.5,1942.0,1.5,68.0,207.0,451.0,676.0,619.0,544.0,406.0,81.0,325.0,359.0,298.0,1.7,1.4,0.9,2.2,1.2,1.2,2.1,1.2,1.3,2.9,3.1,0.5
2011-07-01,3623.0,2.7,4261.0,3.2,4153.0,3.1,1986.0,1.5,1845.0,1.4,85.0,224.0,437.0,790.0,632.0,565.0,363.0,75.0,288.0,332.0,263.0,1.7,1.3,0.9,2.1,1.2,1.4,2.4,1.2,1.2,2.8,2.9,0.6
2011-08-01,3329.0,2.5,4298.0,3.3,4173.0,3.2,2031.0,1.5,1845.0,1.4,98.0,232.0,396.0,669.0,645.0,577.0,392.0,49.0,343.0,329.0,277.0,1.7,1.2,0.9,2.2,1.5,0.9,2.3,1.4,1.3,3.1,3.2,0.6
2011-09-01,3774.0,2.8,4429.0,3.3,4208.0,3.2,2041.0,1.5,1872.0,1.4,87.0,250.0,392.0,891.0,618.0,545.0,428.0,66.0,362.0,397.0,332.0,1.7,1.5,0.8,2.2,1.4,0.9,2.5,1.2,1.3,3.0,3.0,0.5
2011-10-01,3619.0,2.7,4370.0,3.3,4150.0,3.1,1997.0,1.5,1794.0,1.4,82.0,228.0,410.0,708.0,633.0,569.0,429.0,63.0,366.0,367.0,291.0,1.7,1.5,0.9,2.2,1.2,1.1,2.5,1.2,1.3,2.5,2.6,0.5
2011-11-01,3565.0,2.6,4365.0,3.3,4267.0,3.2,2039.0,1.5,1912.0,1.4,84.0,228.0,497.0,667.0,642.0,579.0,434.0,54.0,380.0,357.0,297.0,1.7,2.1,1.0,1.9,1.4,1.1,2.5,1.2,1.3,2.8,2.9,0.6
2011-12-01,3768.0,2.8,4356.0,3.3,4084.0,3.1,1981.0,1.5,1801.0,1.4,79.0,243.0,442.0,847.0,635.0,579.0,441.0,39.0,402.0,364.0,298.0,1.7,1.5,0.9,2.3,1.4,1.1,1.8,1.3,1.3,3.0,3.0,0.7
2012-01-01,3909.0,2.8,4457.0,3.3,4158.0,3.1,2030.0,1.5,1797.0,1.3,89.0,250.0,403.0,948.0,679.0,625.0,453.0,72.0,380.0,349.0,283.0,1.7,1.4,0.9,2.1,1.4,1.1,2.3,1.3,1.4,3.0,3.1,0.6
2012-02-01,3616.0,2.6,4560.0,3.4,4349.0,3.3,2130.0,1.6,1903.0,1.4,68.0,243.0,389.0,747.0,681.0,615.0,379.0,59.0,320.0,395.0,323.0,1.8,1.4,0.9,2.3,1.3,1.1,2.3,1.5,1.6,3.0,3.1,0.6
2012-03-01,3979.0,2.9,4575.0,3.4,4277.0,3.2,2167.0,1.6,1784.0,1.3,91.0,316.0,448.0,837.0,693.0,625.0,447.0,49.0,398.0,396.0,317.0,1.8,1.6,0.9,2.2,1.3,1.1,2.3,1.4,1.4,3.2,3.4,0.6
2012-04-01,3793.0,2.8,4389.0,3.3,4333.0,3.2,2134.0,1.6,1880.0,1.4,113.0,248.0,384.0,772.0,680.0,619.0,481.0,77.0,404.0,367.0,289.0,1.8,1.3,0.9,2.3,1.1,1.4,2.1,1.4,1.4,3.2,3.3,0.6
2012-05-01,3835.0,2.8,4533.0,3.4,4437.0,3.3,2138.0,1.6,1969.0,1.5,92.0,302.0,372.0,750.0,724.0,656.0,458.0,65.0,393.0,397.0,330.0,1.8,1.4,0.9,2.2,1.4,1.0,2.3,1.4,1.4,3.2,3.3,0.6
2012-06-01,3911.0,2.8,4440.0,3.3,4382.0,3.3,2152.0,1.6,1892.0,1.4,62.0,301.0,377.0,774.0,762.0,702.0,483.0,73.0,411.0,387.0,309.0,1.8,1.6,0.9,2.3,1.5,1.2,2.0,1.3,1.4,3.3,3.4,0.6
2012-07-01,3735.0,2.7,4327.0,3.2,4151.0,3.1,2072.0,1.5,1722.0,1.3,88.0,257.0,416.0,740.0,681.0,596.0,489.0,65.0,424.0,379.0,314.0,1.7,1.4,0.9,2.3,1.1,1.1,1.9,1.3,1.4,3.1,3.2,0.6
2012-08-01,3809.0,2.8,4450.0,3.3,4318.0,3.2,2069.0,1.5,1894.0,1.4,117.0,267.0,483.0,730.0,662.0,596.0,423.0,59.0,364.0,420.0,326.0,1.7,1.2,0.9,2.2,1.5,1.1,1.9,1.4,1.4,2.8,2.9,0.6
2012-09-01,3882.0,2.8,4302.0,3.2,4092.0,3.0,1950.0,1.4,1805.0,1.3,95.0,248.0,496.0,694.0,718.0,650.0,422.0,55.0,368.0,383.0,309.0,1.6,1.3,0.9,2.2,1.4,1.3,1.9,1.2,1.2,2.8,3.0,0.5
2012-10-01,3775.0,2.7,4389.0,3.3,4261.0,3.2,2035.0,1.5,1891.0,1.4,106.0,270.0,305.0,755.0,704.0,642.0,483.0,54.0,429.0,380.0,312.0,1.7,1.8,0.9,2.2,1.4,1.2,1.8,1.3,1.3,3.0,3.1,0.6
2012-11-01,3878.0,2.8,4489.0,3.3,4347.0,3.2,2078.0,1.5,1921.0,1.4,97.0,254.0,469.0,749.0,735.0,667.0,499.0,56.0,442.0,364.0,310.0,1.7,1.8,0.9,2.2,1.3,1.2,2.0,1.4,1.4,3.0,3.1,0.6
2012-12-01,3970.0,2.9,4452.0,3.3,4118.0,3.0,2051.0,1.5,1700.0,1.3,129.0,250.0,507.0,697.0,712.0,647.0,481.0,65.0,415.0,408.0,333.0,1.7,1.3,0.9,2.2,1.5,0.9,2.1,1.3,1.4,3.0,3.2,0.6
2013-01-01,3923.0,2.8,4487.0,3.3,4347.0,3.2,2280.0,1.7,1678.0,1.2,120.0,252.0,473.0,776.0,628.0,560.0,470.0,55.0,415.0,456.0,365.0,1.9,2.3,0.8,2.6,1.5,1.2,1.9,1.5,1.6,3.3,3.4,0.6
2013-02-01,4004.0,2.9,4571.0,3.4,4293.0,3.2,2298.0,1.7,1664.0,1.2,137.0,283.0,402.0,757.0,692.0,631.0,520.0,52.0,468.0,421.0,356.0,1.9,1.8,0.9,2.4,1.2,1.5,2.1,1.4,1.5,3.4,3.5,0.6
2013-03-01,4076.0,2.9,4369.0,3.2,4241.0,3.1,2124.0,1.6,1787.0,1.3,116.0,257.0,472.0,750.0,713.0,637.0,514.0,63.0,451.0,395.0,340.0,1.8,1.6,0.8,2.2,1.1,1.2,2.1,1.4,1.5,3.2,3.2,0.6
2013-04-01,3988.0,2.9,4572.0,3.4,4422.0,3.3,2296.0,1.7,1793.0,1.3,113.0,243.0,534.0,761.0,716.0,646.0,478.0,47.0,430.0,421.0,342.0,1.9,1.6,1.0,2.4,1.6,1.2,2.4,1.4,1.5,3.2,3.3,0.7
2013-05-01,4145.0,3.0,4663.0,3.4,4442.0,3.3,2234.0,1.6,1836.0,1.3,120.0,248.0,558.0,788.0,686.0,617.0,469.0,47.0,422.0,410.0,361.0,1.8,1.6,1.0,2.1,1.3,1.4,2.4,1.4,1.4,3.1,3.3,0.6
2013-06-01,4150.0,3.0,4440.0,3.3,4307.0,3.2,2203.0,1.6,1761.0,1.3,131.0,216.0,634.0,749.0,684.0,615.0,489.0,51.0,438.0,400.0,351.0,1.8,1.7,0.9,2.2,1.5,1.3,2.5,1.4,1.5,3.0,3.1,0.6
2013-07-01,3885.0,2.8,4561.0,3.3,4421.0,3.2,2363.0,1.7,1713.0,1.3,104.0,221.0,488.0,696.0,644.0,571.0,503.0,52.0,451.0,376.0,324.0,1.9,1.8,1.0,2.3,1.3,1.3,2.8,1.5,1.6,3.2,3.3,0.6
2013-08-01,4085.0,2.9,4730.0,3.5,4493.0,3.3,2316.0,1.7,1816.0,1.3,112.0,285.0,484.0,809.0,753.0,680.0,523.0,94.0,429.0,393.0,352.0,1.9,1.6,0.9,2.7,2.0,1.4,2.5,1.4,1.5,3.0,3.0,0.6
2013-09-01,4128.0,2.9,4726.0,3.5,4519.0,3.3,2302.0,1.7,1892.0,1.4,128.0,268.0,530.0,751.0,677.0,610.0,550.0,68.0,482.0,396.0,344.0,1.9,1.6,1.0,2.7,1.2,1.3,2.3,1.5,1.5,3.1,3.2,0.6
2013-10-01,4222.0,3.0,4518.0,3.3,4350.0,3.2,2372.0,1.7,1675.0,1.2,137.0,294.0,530.0,819.0,683.0,606.0,540.0,90.0,450.0,395.0,349.0,1.9,1.6,0.9,2.6,0.7,1.1,2.4,1.5,1.6,3.6,3.9,0.6
2013-11-01,4119.0,2.9,4622.0,3.4,4367.0,3.2,2391.0,1.7,1630.0,1.2,156.0,316.0,508.0,745.0,662.0,579.0,543.0,81.0,462.0,405.0,346.0,2.0,1.3,1.0,2.7,1.3,1.2,2.6,1.4,1.5,3.3,3.4,0.6
2013-12-01,4121.0,2.9,4614.0,3.4,4392.0,3.2,2287.0,1.7,1770.0,1.3,119.0,294.0,525.0,774.0,618.0,537.0,585.0,82.0,504.0,347.0,303.0,1.9,1.3,0.9,2.3,1.2,1.0,2.5,1.5,1.6,3.2,3.3,0.6
2014-01-01,4127.0,2.9,4626.0,3.4,4435.0,3.2,2311.0,1.7,1806.0,1.3,155.0,261.0,528.0,713.0,705.0,630.0,596.0,92.0,505.0,389.0,338.0,1.9,1.6,0.9,2.6,1.2,0.9,2.4,1.4,1.5,3.2,3.4,0.6
2014-02-01,4373.0,3.1,4696.0,3.4,4549.0,3.3,2411.0,1.8,1767.0,1.3,139.0,286.0,630.0,848.0,733.0,660.0,558.0,74.0,485.0,402.0,349.0,2.0,1.6,0.9,2.7,1.3,1.1,2.3,1.5,1.5,3.6,3.9,0.6
2014-03-01,4388.0,3.1,4763.0,3.5,4518.0,3.3,2449.0,1.8,1703.0,1.2,125.0,282.0,665.0,773.0,759.0,678.0,571.0,53.0,518.0,425.0,365.0,2.0,1.5,1.0,2.7,1.4,1.2,2.7,1.3,1.3,3.4,3.5,0.6
2014-04-01,4566.0,3.2,4880.0,3.5,4597.0,3.3,2474.0,1.8,1764.0,1.3,116.0,275.0,652.0,842.0,723.0,642.0,662.0,92.0,570.0,435.0,376.0,2.0,1.7,0.9,2.8,1.4,1.0,2.5,1.5,1.6,3.5,3.7,0.6
2014-05-01,4747.0,3.3,4808.0,3.5,4572.0,3.3,2483.0,1.8,1710.0,1.2,119.0,294.0,625.0,857.0,817.0,734.0,710.0,89.0,621.0,441.0,371.0,2.0,2.0,1.0,2.8,1.4,1.1,2.4,1.5,1.5,3.1,3.3,0.6
2014-06-01,4982.0,3.5,4925.0,3.5,4612.0,3.3,2507.0,1.8,1761.0,1.3,155.0,318.0,634.0,916.0,849.0,739.0,674.0,76.0,598.0,514.0,447.0,2.0,1.9,0.9,2.8,1.4,1.0,2.6,1.5,1.6,3.5,3.6,0.5
2014-07-01,4846.0,3.4,5008.0,3.6,4748.0,3.4,2633.0,1.9,1781.0,1.3,149.0,296.0,601.0,908.0,869.0,784.0,630.0,64.0,566.0,475.0,413.0,2.1,1.8,1.1,3.0,1.5,1.5,2.6,1.6,1.7,3.5,3.7,0.6
2014-08-01,5349.0,3.7,4810.0,3.5,4623.0,3.3,2549.0,1.8,1699.0,1.2,127.0,322.0,840.0,967.0,930.0,840.0,705.0,84.0,621.0,438.0,364.0,2.0,2.0,0.9,2.7,1.3,1.4,2.6,1.4,1.4,3.7,3.9,0.7
2014-09-01,4914.0,3.4,5149.0,3.7,4855.0,3.5,2732.0,2.0,1718.0,1.2,116.0,310.0,589.0,941.0,885.0,779.0,708.0,76.0,632.0,468.0,396.0,2.2,1.7,1.1,2.7,1.2,1.3,2.9,1.6,1.7,3.7,4.0,0.7
2014-10-01,5012.0,3.5,5111.0,3.7,4937.0,3.5,2718.0,1.9,1835.0,1.3,149.0,294.0,598.0,956.0,891.0,801.0,671.0,66.0,604.0,435.0,360.0,2.2,1.7,1.1,2.9,1.5,1.3,2.7,1.7,1.7,4.0,4.1,0.7
2014-11-01,4843.0,3.3,4978.0,3.6,4682.0,3.3,2600.0,1.9,1726.0,1.2,139.0,327.0,508.0,970.0,800.0,711.0,631.0,58.0,573.0,472.0,392.0,2.1,1.5,0.9,2.9,1.4,1.6,2.4,1.6,1.7,3.8,3.9,0.6
2014-12-01,5130.0,3.5,5192.0,3.7,4827.0,3.4,2552.0,1.8,1857.0,1.3,139.0,307.0,544.0,1041.0,941.0,846.0,707.0,86.0,621.0,505.0,428.0,2.0,1.9,1.1,2.8,1.3,1.3,2.1,1.5,1.6,3.7,3.9,0.6
2015-01-01,5344.0,3.7,5061.0,3.6,4886.0,3.5,2764.0,2.0,1789.0,1.3,147.0,321.0,616.0,1028.0,918.0,815.0,802.0,87.0,716.0,526.0,441.0,2.2,1.7,1.2,2.9,1.4,1.4,2.8,1.7,1.8,3.9,4.1,0.6
2015-02-01,5466.0,3.7,5127.0,3.6,4869.0,3.5,2741.0,1.9,1757.0,1.2,171.0,309.0,681.0,1082.0,927.0,823.0,750.0,97.0,653.0,515.0,429.0,2.2,1.7,1.0,2.6,1.7,1.3,2.9,1.8,1.8,3.6,3.9,0.7
2015-03-01,5210.0,3.6,5126.0,3.6,5102.0,3.6,2754.0,2.0,1973.0,1.4,165.0,322.0,527.0,1101.0,907.0,815.0,719.0,89.0,630.0,501.0,418.0,2.2,1.8,1.0,3.0,1.7,1.1,2.8,1.6,1.7,3.8,4.2,0.7
2015-04-01,5598.0,3.8,5196.0,3.7,4944.0,3.5,2705.0,1.9,1856.0,1.3,152.0,323.0,589.0,1239.0,1004.0,905.0,720.0,72.0,648.0,521.0,427.0,2.1,1.9,1.1,2.8,1.4,1.4,2.6,1.6,1.7,3.6,3.8,0.7
2015-05-01,5563.0,3.8,5142.0,3.6,4825.0,3.4,2743.0,1.9,1711.0,1.2,158.0,324.0,543.0,1235.0,986.0,890.0,703.0,72.0,632.0,523.0,439.0,2.2,1.8,1.0,2.9,1.5,1.3,2.8,1.7,1.7,3.5,3.7,0.7
2015-06-01,5248.0,3.6,5125.0,3.6,4978.0,3.5,2756.0,1.9,1821.0,1.3,145.0,291.0,572.0,1109.0,1005.0,903.0,666.0,67.0,599.0,471.0,380.0,2.2,1.7,1.1,3.0,1.5,1.2,2.6,1.6,1.7,4.0,4.2,0.7
2015-07-01,6056.0,4.1,5150.0,3.6,4848.0,3.4,2764.0,1.9,1703.0,1.2,147.0,336.0,823.0,1146.0,1171.0,1047.0,761.0,69.0,692.0,548.0,449.0,2.2,1.7,1.0,2.8,1.6,1.1,2.6,1.7,1.8,4.0,4.2,0.7
2015-08-01,5467.0,3.7,5163.0,3.6,5032.0,3.5,2879.0,2.0,1773.0,1.2,143.0,314.0,661.0,1091.0,1040.0,942.0,695.0,58.0,637.0,494.0,403.0,2.3,1.5,1.1,2.9,1.4,0.9,2.8,1.8,1.9,4.3,4.5,0.7
2015-09-01,5488.0,3.7,5287.0,3.7,5110.0,3.6,2778.0,2.0,1964.0,1.4,122.0,315.0,678.0,1110.0,1077.0,982.0,705.0,74.0,631.0,470.0,398.0,2.2,1.8,1.2,2.9,1.5,1.1,2.6,1.6,1.7,4.0,4.2,0.7
2015-10-01,5773.0,3.9,5338.0,3.7,5032.0,3.5,2810.0,2.0,1845.0,1.3,136.0,314.0,655.0,1212.0,1076.0,950.0,785.0,77.0,708.0,527.0,431.0,2.2,1.5,1.1,2.9,1.5,1.4,2.7,1.7,1.8,3.9,4.2,0.8
2015-11-01,5708.0,3.8,5358.0,3.8,5089.0,3.6,2897.0,2.0,1779.0,1.2,123.0,298.0,578.0,1285.0,1101.0,994.0,764.0,87.0,678.0,523.0,426.0,2.3,1.9,1.1,3.1,1.5,1.1,2.8,1.9,1.9,4.0,4.3,0.7
2015-12-01,5845.0,3.9,5540.0,3.9,5225.0,3.7,3056.0,2.1,1803.0,1.3,158.0,334.0,642.0,1199.0,1065.0,939.0,747.0,77.0,670.0,541.0,442.0,2.4,1.9,1.1,3.2,1.4,1.7,2.9,1.8,1.8,4.2,4.5,0.8
2016-01-01,6012.0,4.0,5220.0,3.6,5099.0,3.6,2875.0,2.0,1805.0,1.3,169.0,321.0,719.0,1310.0,1179.0,1095.0,759.0,91.0,668.0,515.0,422.0,2.2,1.4,1.2,3.1,1.5,1.3,2.9,1.5,1.5,4.0,4.3,0.7
2016-02-01,5770.0,3.9,5470.0,3.8,5265.0,3.7,2994.0,2.1,1894.0,1.3,193.0,325.0,711.0,1236.0,1020.0,891.0,758.0,74.0,685.0,488.0,390.0,2.3,1.6,1.2,3.0,1.3,1.7,3.0,1.7,1.8,4.2,4.4,0.7
2016-03-01,6129.0,4.1,5359.0,3.7,5133.0,3.6,2917.0,2.0,1850.0,1.3,206.0,336.0,705.0,1471.0,1079.0,973.0,827.0,119.0,708.0,496.0,404.0,2.3,2.1,1.2,3.0,1.3,1.2,2.7,1.7,1.8,4.1,4.4,0.7
2016-04-01,5803.0,3.9,5294.0,3.7,5110.0,3.6,2955.0,2.1,1771.0,1.2,178.0,387.0,672.0,1049.0,1105.0,983.0,763.0,112.0,650.0,502.0,405.0,2.3,1.7,1.1,2.9,1.6,1.2,2.9,1.7,1.8,4.2,4.4,0.7
2016-05-01,5777.0,3.9,5197.0,3.6,5176.0,3.6,3009.0,2.1,1825.0,1.3,176.0,353.0,722.0,1163.0,1098.0,991.0,743.0,92.0,651.0,538.0,439.0,2.3,1.8,1.1,2.8,1.2,1.3,3.4,1.7,1.8,4.3,4.5,0.7
2016-06-01,5742.0,3.8,5281.0,3.7,5118.0,3.6,3018.0,2.1,1750.0,1.2,178.0,363.0,712.0,1143.0,1070.0,971.0,794.0,94.0,700.0,479.0,394.0,2.3,1.8,1.1,2.9,1.4,1.4,2.7,1.8,1.9,4.2,4.4,1.0
2016-07-01,5962.0,4.0,5426.0,3.8,5065.0,3.5,2967.0,2.1,1759.0,1.2,210.0,344.0,693.0,1248.0,1118.0,1018.0,757.0,105.0,651.0,587.0,492.0,2.3,1.9,1.2,2.9,1.3,1.2,3.1,1.8,1.8,4.2,4.4,0.7
2016-08-01,5677.0,3.8,5327.0,3.7,5204.0,3.6,2998.0,2.1,1860.0,1.3,186.0,326.0,648.0,1105.0,1054.0,966.0,803.0,96.0,708.0,511.0,411.0,2.3,2.2,1.2,3.0,1.3,1.0,3.0,1.7,1.7,4.1,4.4,0.8
2016-09-01,5868.0,3.9,5306.0,3.7,4985.0,3.4,3047.0,2.1,1588.0,1.1,260.0,326.0,704.0,1204.0,1110.0,997.0,739.0,80.0,659.0,527.0,418.0,2.3,1.6,1.2,3.0,1.7,1.1,3.1,1.8,1.9,4.3,4.3,0.8
2016-10-01,5591.0,3.7,5210.0,3.6,5125.0,3.5,3074.0,2.1,1664.0,1.1,219.0,299.0,661.0,985.0,1238.0,1105.0,760.0,108.0,652.0,484.0,394.0,2.4,1.9,1.3,3.1,1.4,1.2,3.0,1.7,1.8,4.4,4.5,0.8
2016-11-01,5971.0,4.0,5308.0,3.7,5139.0,3.5,3026.0,2.1,1751.0,1.2,204.0,345.0,626.0,1227.0,1197.0,1099.0,765.0,107.0,658.0,577.0,484.0,2.3,2.2,1.3,3.0,1.3,1.1,2.9,1.6,1.7,4.3,4.6,0.7
2016-12-01,5964.0,3.9,5343.0,3.7,5071.0,3.5,2989.0,2.1,1708.0,1.2,183.0,369.0,669.0,1081.0,1200.0,1097.0,748.0,94.0,654.0,560.0,405.0,2.3,2.0,1.3,2.7,1.8,1.1,3.0,1.7,1.8,4.2,4.4,0.7
2017-01-01,5617.0,3.7,5499.0,3.8,5320.0,3.7,3188.0,2.2,1745.0,1.2,161.0,371.0,635.0,984.0,1152.0,1079.0,724.0,81.0,644.0,497.0,417.0,2.4,2.2,1.4,3.0,1.4,1.5,3.2,1.8,2.0,4.2,4.3,0.8
2017-02-01,5923.0,3.9,5350.0,3.7,5176.0,3.5,3089.0,2.1,1711.0,1.2,190.0,369.0,645.0,986.0,1238.0,1119.0,898.0,92.0,805.0,505.0,426.0,2.4,2.3,1.4,3.2,2.0,1.2,2.8,1.7,1.8,4.0,4.2,0.8
2017-03-01,5811.0,3.8,5395.0,3.7,5280.0,3.6,3150.0,2.2,1762.0,1.2,175.0,394.0,691.0,1009.0,1122.0,1014.0,749.0,96.0,653.0,506.0,423.0,2.4,2.4,1.5,3.2,1.4,1.3,2.9,1.8,1.9,4.1,4.2,0.8
2017-04-01,6091.0,4.0,5272.0,3.6,5091.0,3.5,3028.0,2.1,1710.0,1.2,207.0,373.0,638.0,1047.0,1108.0,1016.0,843.0,85.0,759.0,543.0,461.0,2.3,2.3,1.5,2.8,1.3,1.3,2.8,1.8,1.9,4.1,4.3,0.7
2017-05-01,5826.0,3.8,5477.0,3.7,5270.0,3.6,3111.0,2.1,1794.0,1.2,172.0,347.0,686.0,1010.0,1101.0,997.0,843.0,67.0,776.0,551.0,438.0,2.4,2.1,1.6,3.1,1.0,1.5,2.8,1.8,1.9,4.1,4.3,0.7
2017-06-01,6305.0,4.1,5635.0,3.8,5463.0,3.7,3154.0,2.2,1970.0,1.3,203.0,392.0,670.0,1237.0,1169.0,1083.0,854.0,119.0,735.0,574.0,472.0,2.4,2.0,1.6,2.9,1.3,1.3,3.0,1.9,1.9,4.1,4.3,0.7
2017-07-01,6238.0,4.1,5497.0,3.7,5338.0,3.6,3097.0,2.1,1910.0,1.3,210.0,371.0,683.0,1131.0,1156.0,1036.0,861.0,113.0,749.0,548.0,444.0,2.4,2.2,1.6,2.9,1.8,1.3,2.9,1.7,1.8,3.8,4.1,0.7
2017-08-01,6276.0,4.1,5519.0,3.8,5334.0,3.6,3103.0,2.1,1868.0,1.3,206.0,420.0,778.0,1110.0,1167.0,1067.0,909.0,97.0,812.0,503.0,420.0,2.4,2.2,1.5,2.9,1.6,1.2,3.2,1.7,1.8,3.8,4.0,0.8
2017-09-01,6320.0,4.1,5450.0,3.7,5289.0,3.6,3190.0,2.2,1787.0,1.2,194.0,434.0,734.0,1113.0,1146.0,1044.0,790.0,105.0,685.0,563.0,474.0,2.4,2.4,1.5,2.8,1.8,1.3,3.3,1.7,1.8,3.9,4.3,0.8
2017-10-01,6408.0,4.2,5581.0,3.8,5397.0,3.7,3219.0,2.2,1837.0,1.2,204.0,424.0,767.0,1323.0,1136.0,1038.0,796.0,88.0,708.0,553.0,465.0,2.4,2.6,1.6,2.8,1.6,1.5,3.2,1.9,2.0,4.0,4.2,0.7
2017-11-01,6271.0,4.1,5494.0,3.7,5283.0,3.6,3186.0,2.2,1747.0,1.2,243.0,435.0,930.0,1034.0,1118.0,1010.0,877.0,87.0,790.0,535.0,457.0,2.4,2.0,1.6,2.8,1.7,1.4,3.3,1.8,1.8,4.1,4.3,0.8
2017-12-01,6336.0,4.1,5421.0,3.7,5249.0,3.6,3222.0,2.2,1732.0,1.2,232.0,405.0,932.0,971.0,1163.0,1066.0,884.0,87.0,797.0,578.0,482.0,2.4,2.1,1.7,3.0,1.8,1.4,3.1,1.7,1.8,4.2,4.3,0.8
2018-01-01,6621.0,4.3,5512.0,3.7,5288.0,3.6,3019.0,2.0,1932.0,1.3,250.0,447.0,887.0,1118.0,1154.0,1046.0,931.0,88.0,843.0,591.0,478.0,2.3,2.2,1.7,2.8,1.7,1.4,2.7,1.6,1.7,3.8,3.9,0.8
2018-02-01,6552.0,4.2,5624.0,3.8,5319.0,3.6,3222.0,2.2,1771.0,1.2,218.0,441.0,824.0,1108.0,1187.0,1094.0,901.0,113.0,789.0,596.0,524.0,2.4,2.1,1.7,2.9,1.7,1.5,3.1,1.7,1.7,4.3,4.6,0.7
2018-03-01,6818.0,4.4,5623.0,3.8,5500.0,3.7,3323.0,2.2,1795.0,1.2,223.0,416.0,912.0,1185.0,1231.0,1120.0,928.0,99.0,829.0,628.0,523.0,2.5,2.2,1.7,2.9,1.6,1.3,3.1,1.8,1.8,4.4,4.6,0.8
2018-04-01,6877.0,4.4,5590.0,3.8,5441.0,3.7,3370.0,2.3,1727.0,1.2,223.0,438.0,1031.0,1196.0,1215.0,1117.0,968.0,115.0,853.0,593.0,511.0,2.5,2.4,1.6,3.1,1.6,1.1,3.2,1.9,1.9,4.4,4.6,0.8
2018-05-01,7016.0,4.5,5859.0,3.9,5492.0,3.7,3382.0,2.3,1775.0,1.2,266.0,460.0,964.0,1239.0,1204.0,1099.0,975.0,128.0,847.0,596.0,495.0,2.5,2.3,1.6,3.1,1.8,1.3,3.0,2.1,2.2,4.3,4.5,0.8
2018-06-01,7230.0,4.6,5760.0,3.9,5566.0,3.7,3382.0,2.3,1822.0,1.2,289.0,461.0,980.0,1268.0,1257.0,1119.0,1061.0,158.0,903.0,646.0,534.0,2.5,2.4,1.6,3.2,1.8,1.4,3.1,1.9,2.1,4.2,4.4,0.8
2018-07-01,7190.0,4.6,5649.0,3.8,5577.0,3.7,3426.0,2.3,1806.0,1.2,272.0,458.0,961.0,1253.0,1232.0,1119.0,1019.0,100.0,918.0,646.0,528.0,2.6,2.7,1.7,3.2,1.7,1.5,3.1,1.9,2.0,4.5,4.6,0.8
2018-08-01,7208.0,4.6,5815.0,3.9,5543.0,3.7,3423.0,2.3,1803.0,1.2,286.0,500.0,797.0,1331.0,1249.0,1123.0,1007.0,112.0,895.0,725.0,602.0,2.6,2.4,1.6,3.2,1.6,1.5,2.9,2.0,2.2,4.4,4.6,0.7
2018-09-01,7411.0,4.7,5625.0,3.8,5494.0,3.7,3391.0,2.3,1764.0,1.2,315.0,478.0,947.0,1342.0,1281.0,1198.0,1073.0,90.0,982.0,617.0,526.0,2.5,2.2,1.6,3.5,1.6,1.4,2.8,1.8,1.9,4.5,4.7,0.8
2018-10-01,7304.0,4.7,5907.0,4.0,5602.0,3.7,3458.0,2.3,1813.0,1.2,275.0,502.0,967.0,1344.0,1242.0,1147.0,1015.0,94.0,921.0,616.0,512.0,2.6,2.4,1.6,3.4,1.5,1.2,3.1,2.0,2.1,4.3,4.5,0.8
2018-11-01,7594.0,4.8,5826.0,3.9,5793.0,3.9,3511.0,2.3,1938.0,1.3,314.0,520.0,1044.0,1343.0,1258.0,1167.0,1023.0,97.0,925.0,676.0,557.0,2.6,2.5,1.8,3.2,2.0,1.3,3.0,2.1,2.3,4.3,4.6,0.9
2018-12-01,7489.0,4.8,5768.0,3.9,5554.0,3.7,3407.0,2.3,1839.0,1.2,394.0,467.0,910.0,1351.0,1321.0,1221.0,1075.0,116.0,960.0,680.0,563.0,2.5,2.4,1.5,3.2,1.6,1.5,3.0,2.1,2.2,4.2,4.5,0.8
2019-01-01,7502.0,4.8,5786.0,3.9,5549.0,3.7,3517.0,2.3,1705.0,1.1,309.0,431.0,818.0,1391.0,1360.0,1241.0,1121.0,104.0,1018.0,693.0,563.0,2.6,2.6,1.7,3.2,2.1,1.2,3.0,2.0,2.1,4.6,4.9,0.9
2019-02-01,7066.0,4.5,5704.0,3.8,5653.0,3.8,3547.0,2.4,1763.0,1.2,287.0,457.0,803.0,1387.0,1215.0,1108.0,998.0,105.0,893.0,687.0,559.0,2.6,2.7,1.7,3.3,1.5,1.2,3.1,2.0,2.1,4.8,5.0,0.8
2019-03-01,7317.0,4.6,5689.0,3.8,5543.0,3.7,3529.0,2.3,1690.0,1.1,359.0,435.0,773.0,1347.0,1350.0,1240.0,1005.0,101.0,904.0,715.0,593.0,2.6,1.9,1.7,3.3,1.6,1.3,3.2,2.0,2.2,4.6,4.9,0.8
2019-04-01,7272.0,4.6,6016.0,4.0,5777.0,3.8,3501.0,2.3,1963.0,1.3,405.0,451.0,754.0,1169.0,1399.0,1272.0,1024.0,119.0,905.0,735.0,572.0,2.6,1.9,1.8,3.2,1.8,1.6,3.1,1.9,2.0,4.6,4.9,0.8
2019-05-01,7275.0,4.6,5686.0,3.8,5556.0,3.7,3472.0,2.3,1775.0,1.2,357.0,471.0,753.0,1277.0,1363.0,1237.0,1018.0,134.0,884.0,674.0,562.0,2.5,2.2,1.6,3.4,1.8,1.4,2.9,1.7,1.7,4.6,4.9,0.9
2019-06-01,7194.0,4.6,5801.0,3.8,5574.0,3.7,3474.0,2.3,1780.0,1.2,302.0,465.0,818.0,1279.0,1303.0,1177.0,945.0,109.0,836.0,745.0,635.0,2.6,2.4,1.6,3.4,1.5,1.5,3.0,1.8,1.8,4.8,5.1,0.7
2019-07-01,7042.0,4.5,5871.0,3.9,5839.0,3.9,3654.0,2.4,1833.0,1.2,323.0,452.0,832.0,1252.0,1294.0,1178.0,959.0,114.0,845.0,649.0,533.0,2.7,2.3,1.5,3.4,1.5,1.5,3.3,2.0,2.1,4.8,5.1,0.8
2019-08-01,7178.0,4.5,5900.0,3.9,5657.0,3.7,3540.0,2.3,1808.0,1.2,328.0,439.0,798.0,1282.0,1327.0,1207.0,961.0,128.0,833.0,747.0,634.0,2.6,2.3,1.6,3.5,1.7,1.6,3.0,2.0,2.0,4.8,5.0,0.8
2019-09-01,7124.0,4.5,5963.0,3.9,5755.0,3.8,3447.0,2.3,1970.0,1.3,332.0,444.0,732.0,1241.0,1236.0,1112.0,1025.0,144.0,881.0,740.0,626.0,2.5,2.5,1.7,3.3,1.4,1.5,3.0,1.9,2.0,4.4,4.5,0.8
2019-10-01,7289.0,4.6,5781.0,3.8,5631.0,3.7,3452.0,2.3,1819.0,1.2,326.0,399.0,822.0,1205.0,1301.0,1174.0,993.0,136.0,857.0,785.0,657.0,2.5,2.5,1.5,3.0,1.5,1.5,2.9,1.9,2.0,4.6,4.8,0.8
2019-11-01,6888.0,4.3,5847.0,3.9,5675.0,3.7,3541.0,2.3,1782.0,1.2,242.0,414.0,741.0,1202.0,1292.0,1160.0,973.0,119.0,854.0,764.0,648.0,2.6,2.2,1.6,3.9,1.4,1.8,2.9,1.8,1.9,4.5,4.6,0.8
2019-12-01,6699.0,4.2,5951.0,3.9,5771.0,3.8,3487.0,2.3,1931.0,1.3,257.0,380.0,727.0,1237.0,1241.0,1134.0,926.0,137.0,789.0,748.0,655.0,2.5,2.3,1.6,3.1,1.4,1.5,3.0,2.0,2.1,4.5,4.7,0.9
2020-01-01,7124.0,4.5,5981.0,3.9,5741.0,3.8,3563.0,2.3,1808.0,1.2,299.0,407.0,758.0,1293.0,1320.0,1202.0,913.0,162.0,751.0,820.0,672.0,2.6,2.1,1.5,3.8,1.4,1.5,3.2,2.0,2.1,4.4,4.6,0.8
2020-02-01,6966.0,4.4,5990.0,3.9,5764.0,3.8,3497.0,2.3,1954.0,1.3,291.0,392.0,744.0,1288.0,1282.0,1157.0,940.0,139.0,801.0,771.0,658.0,2.6,2.0,1.5,3.4,1.6,1.5,3.0,2.1,2.2,4.2,4.3,0.8
2020-03-01,5894.0,3.8,5171.0,3.4,16275.0,10.8,2933.0,1.9,12985.0,8.6,226.0,295.0,595.0,1095.0,1157.0,1050.0,653.0,108.0,544.0,713.0,589.0,2.1,1.6,1.2,2.6,1.4,1.3,2.9,1.9,2.0,3.2,3.4,1.0
2020-04-01,4606.0,3.4,4029.0,3.1,11531.0,8.8,1991.0,1.5,9170.0,7.0,211.0,298.0,453.0,817.0,952.0,855.0,321.0,50.0,270.0,651.0,543.0,1.7,1.4,0.8,2.1,1.3,0.7,1.9,1.7,1.8,3.8,3.9,0.8
2020-05-01,5612.0,4.0,8133.0,6.1,4718.0,3.5,2259.0,1.7,2139.0,1.6,283.0,314.0,646.0,1001.0,1007.0,925.0,710.0,102.0,608.0,621.0,544.0,1.9,1.5,1.3,2.5,1.0,1.2,2.2,1.6,1.7,3.5,3.6,0.9
2020-06-01,6129.0,4.3,7477.0,5.4,5176.0,3.8,2594.0,1.9,2245.0,1.6,228.0,338.0,622.0,1079.0,1127.0,1039.0,876.0,127.0,749.0,665.0,545.0,2.1,1.9,1.5,2.9,1.1,1.1,2.0,1.9,2.1,3.7,4.0,0.8
2020-07-01,6530.0,4.5,6320.0,4.5,5191.0,3.7,3020.0,2.2,1827.0,1.3,306.0,392.0,773.0,1149.0,1178.0,1090.0,781.0,83.0,699.0,818.0,529.0,2.4,2.0,1.6,3.4,1.3,1.1,2.6,2.0,2.2,4.1,4.3,0.9
2020-08-01,6429.0,4.4,6004.0,4.3,4813.0,3.4,2931.0,2.1,1560.0,1.1,254.0,458.0,731.0,1152.0,1237.0,1129.0,763.0,80.0,683.0,707.0,593.0,2.3,1.4,1.8,3.3,1.3,1.5,2.7,1.8,2.0,3.6,4.1,1.0
2020-09-01,6511.0,4.4,5966.0,4.2,5123.0,3.6,3185.0,2.2,1567.0,1.1,227.0,469.0,694.0,1262.0,1220.0,1110.0,801.0,89.0,711.0,708.0,606.0,2.5,2.1,2.0,3.2,1.3,1.4,3.2,2.0,2.1,4.0,4.4,0.9
2020-10-01,6798.0,4.6,6091.0,4.3,5356.0,3.8,3311.0,2.3,1697.0,1.2,242.0,519.0,711.0,1259.0,1314.0,1194.0,821.0,101.0,720.0,732.0,631.0,2.6,1.8,2.0,3.4,1.4,1.5,3.0,2.1,2.3,4.3,4.5,1.0
2020-11-01,6820.0,4.6,5894.0,4.1,5631.0,3.9,3209.0,2.2,2097.0,1.5,260.0,490.0,755.0,1343.0,1315.0,1210.0,845.0,115.0,729.0,676.0,576.0,2.5,2.1,2.1,3.6,1.4,1.4,2.7,1.8,1.9,4.6,4.8,0.8
2020-12-01,6773.0,4.5,5577.0,3.9,5601.0,3.9,3369.0,2.4,1906.0,1.3,253.0,502.0,740.0,1448.0,1241.0,1155.0,799.0,99.0,700.0,664.0,563.0,2.6,2.1,2.1,3.6,1.2,1.3,2.8,2.1,2.1,5.1,5.4,0.8
2021-01-01,7162.0,4.8,5598.0,3.9,5145.0,3.6,3292.0,2.3,1567.0,1.1,309.0,522.0,777.0,1436.0,1372.0,1213.0,741.0,79.0,662.0,725.0,623.0,2.6,1.8,2.1,3.6,1.3,1.5,2.9,2.0,2.2,5.0,5.2,0.7
2021-02-01,7827.0,5.2,5813.0,4.1,5329.0,3.7,3373.0,2.4,1628.0,1.1,249.0,599.0,828.0,1474.0,1595.0,1491.0,960.0,135.0,825.0,714.0,610.0,2.6,2.3,2.2,3.5,1.5,1.4,3.1,2.0,2.1,4.4,4.7,0.8
2021-03-01,8499.0,5.6,6158.0,4.3,5488.0,3.8,3654.0,2.5,1500.0,1.0,348.0,739.0,999.0,1564.0,1454.0,1324.0,1101.0,156.0,945.0,853.0,718.0,2.8,2.4,2.2,3.8,2.1,1.4,3.0,2.2,2.4,5.5,5.8,0.8
2021-04-01,9346.0,6.1,6138.0,4.2,5699.0,3.9,3943.0,2.7,1402.0,1.0,319.0,848.0,941.0,1729.0,1582.0,1441.0,1308.0,170.0,1138.0,948.0,795.0,3.1,2.5,2.4,4.2,2.0,1.5,3.4,2.2,2.3,5.8,6.1,0.9
2021-05-01,9954.0,6.4,5981.0,4.1,5515.0,3.8,3817.0,2.6,1351.0,0.9,301.0,887.0,940.0,1876.0,1754.0,1585.0,1432.0,175.0,1257.0,931.0,802.0,3.0,2.2,2.1,4.2,1.8,1.4,3.3,2.2,2.4,5.7,6.0,0.7
2021-06-01,10319.0,6.6,6535.0,4.5,5741.0,3.9,4017.0,2.8,1335.0,0.9,328.0,893.0,1103.0,1925.0,1797.0,1604.0,1576.0,209.0,1367.0,941.0,803.0,3.1,2.3,2.4,4.4,1.8,1.5,3.5,2.3,2.5,5.8,6.1,0.8
2021-07-01,10983.0,7.0,6720.0,4.6,5818.0,4.0,4059.0,2.8,1410.0,1.0,376.0,903.0,1015.0,2078.0,1864.0,1684.0,1787.0,225.0,1562.0,906.0,786.0,3.1,2.2,2.4,4.5,1.7,1.5,3.2,2.5,2.7,5.6,6.0,1.0
2021-08-01,10872.0,6.9,6394.0,4.3,5875.0,4.0,4171.0,2.8,1332.0,0.9,392.0,843.0,1104.0,2056.0,1794.0,1625.0,1736.0,202.0,1534.0,894.0,774.0,3.2,2.5,2.4,4.8,1.8,1.4,3.4,2.5,2.7,5.6,5.9,0.8
2021-09-01,10834.0,6.8,6632.0,4.5,6118.0,4.1,4354.0,2.9,1411.0,1.0,359.0,930.0,1047.0,1957.0,1919.0,1781.0,1573.0,180.0,1392.0,957.0,820.0,3.3,2.6,2.7,4.4,1.8,1.7,3.5,2.8,2.9,5.7,6.0,1.0
2021-10-01,11238.0,7.0,6678.0,4.5,5856.0,3.9,4153.0,2.8,1313.0,0.9,397.0,953.0,1031.0,2105.0,2102.0,1880.0,1614.0,173.0,1441.0,952.0,822.0,3.1,2.5,2.4,4.4,2.1,1.5,3.4,2.5,2.7,5.2,5.5,1.2
2021-11-01,11199.0,7.0,6911.0,4.6,6192.0,4.1,4453.0,3.0,1348.0,0.9,379.0,846.0,1046.0,2039.0,2105.0,1902.0,1597.0,207.0,1390.0,1001.0,841.0,3.3,3.0,2.5,4.2,1.8,1.7,3.8,2.8,2.9,5.9,6.3,1.1
2021-12-01,11520.0,7.1,6686.0,4.5,6103.0,4.1,4314.0,2.9,1403.0,0.9,377.0,877.0,1011.0,2088.0,2158.0,1945.0,1690.0,186.0,1504.0,1098.0,949.0,3.2,2.4,2.6,4.7,1.8,1.6,3.5,2.4,2.6,5.5,5.9,1.0
2022-01-01,11210.0,7.0,6431.0,4.3,6247.0,4.2,4413.0,2.9,1423.0,0.9,430.0,895.0,1009.0,2089.0,2072.0,1904.0,1607.0,179.0,1428.0,1029.0,901.0,3.3,2.3,2.4,4.5,1.7,1.9,3.6,2.7,2.8,5.6,6.0,1.1
2022-02-01,11698.0,7.2,6801.0,4.5,5986.0,4.0,4233.0,2.8,1401.0,0.9,367.0,823.0,1060.0,2368.0,2211.0,2028.0,1699.0,178.0,1522.0,1054.0,895.0,3.1,2.3,2.6,4.3,1.6,1.7,3.3,2.6,2.8,5.1,5.4,1.2
2022-03-01,12301.0,7.5,6619.0,4.4,6181.0,4.1,4447.0,2.9,1377.0,0.9,457.0,905.0,1467.0,2464.0,2282.0,2106.0,1656.0,175.0,1480.0,1017.0,893.0,3.2,3.3,2.7,4.1,1.6,1.8,3.5,2.4,2.5,6.0,6.3,1.1
2022-04-01,11861.0,7.3,6528.0,4.3,6138.0,4.0,4499.0,3.0,1312.0,0.9,440.0,1025.0,1070.0,2317.0,2192.0,2021.0,1625.0,157.0,1468.0,1042.0,926.0,3.3,3.0,2.6,4.3,1.7,2.1,3.8,2.5,2.6,5.5,5.9,1.1
2022-05-01,11535.0,7.1,6440.0,4.2,6079.0,4.0,4237.0,2.8,1500.0,1.0,411.0,805.0,1064.0,2239.0,2195.0,2040.0,1606.0,178.0,1428.0,1079.0,953.0,3.1,2.6,2.4,3.8,1.9,1.5,3.5,2.5,2.6,5.8,6.1,1.0
2022-06-01,11283.0,6.9,6487.0,4.3,6039.0,4.0,4165.0,2.7,1528.0,1.0,399.0,860.0,868.0,2282.0,2165.0,2008.0,1576.0,145.0,1431.0,983.0,871.0,3.0,2.0,2.5,3.6,1.9,1.6,3.4,2.4,2.5,5.4,5.8,1.1
2022-07-01,11576.0,7.0,6478.0,4.2,5839.0,3.8,4031.0,2.6,1462.0,1.0,383.0,879.0,892.0,2113.0,2282.0,2079.0,1622.0,212.0,1410.0,1225.0,1067.0,3.0,2.4,2.1,3.6,1.6,1.9,3.5,2.2,2.4,5.2,5.6,0.8
2022-08-01,10092.0,6.2,6448.0,4.2,6238.0,4.1,4258.0,2.8,1606.0,1.0,351.0,823.0,806.0,1779.0,2109.0,1949.0,1467.0,202.0,1265.0,955.0,824.0,3.1,3.0,2.3,3.8,1.8,1.6,3.1,2.4,2.6,5.5,6.0,1.1
2022-09-01,10800.0,6.6,6201.0,4.0,5886.0,3.8,4134.0,2.7,1445.0,0.9,442.0,816.0,848.0,2131.0,2231.0,2067.0,1497.0,204.0,1294.0,1068.0,881.0,3.0,2.0,2.0,3.7,2.0,1.5,3.3,2.3,2.5,5.4,5.8,1.1
2022-10-01,10447.0,6.4,6151.0,4.0,5784.0,3.8,3956.0,2.6,1553.0,1.0,394.0,743.0,877.0,1778.0,2158.0,2006.0,1547.0,197.0,1350.0,972.0,853.0,2.8,2.0,2.1,3.8,1.0,1.6,2.8,2.3,2.5,5.5,5.9,1.0
2022-11-01,10632.0,6.4,6180.0,4.0,5881.0,3.8,4083.0,2.6,1472.0,1.0,322.0,814.0,860.0,2117.0,2067.0,1908.0,1530.0,192.0,1338.0,1067.0,926.0,2.9,1.7,2.1,3.8,1.5,1.4,3.2,2.5,2.8,5.4,5.7,1.0
2022-12-01,10902.0,6.6,6163.0,4.0,6004.0,3.9,4125.0,2.7,1535.0,1.0,395.0,750.0,937.0,2114.0,2092.0,1943.0,1719.0,211.0,1509.0,1029.0,886.0,3.0,2.0,2.0,3.9,1.6,1.5,3.1,2.6,2.8,5.2,5.5,1.0
2023-01-01,10318.0,6.2,6370.0,4.1,5885.0,3.8,3839.0,2.5,1767.0,1.1,309.0,717.0,837.0,2019.0,1979.0,1786.0,1523.0,178.0,1344.0,1078.0,900.0,2.8,2.1,2.2,4.0,1.3,1.5,2.4,2.5,2.7,4.9,5.1,0.9
2023-02-01,9857.0,6.0,5989.0,3.9,5767.0,3.7,3917.0,2.5,1535.0,1.0,362.0,665.0,809.0,1844.0,1855.0,1678.0,1422.0,216.0,1206.0,996.0,861.0,2.8,1.9,2.4,3.3,1.6,1.3,2.8,2.5,2.6,5.3,5.6,0.9
2023-03-01,9655.0,5.9,5925.0,3.8,5984.0,3.9,3800.0,2.4,1903.0,1.2,301.0,683.0,733.0,1825.0,1924.0,1729.0,1447.0,218.0,1230.0,1038.0,906.0,2.7,1.8,2.1,3.5,1.4,1.2,2.7,2.4,2.5,4.7,5.0,1.0
2023-04-01,9966.0,6.0,5876.0,3.8,5570.0,3.6,3617.0,2.3,1654.0,1.1,382.0,653.0,882.0,1808.0,1893.0,1753.0,1378.0,209.0,1169.0,1059.0,899.0,2.6,1.9,1.9,3.2,1.3,1.6,2.6,2.1,2.2,4.8,5.1,0.8
2023-05-01,9368.0,5.7,6119.0,3.9,5840.0,3.8,3999.0,2.6,1540.0,1.0,381.0,557.0,767.0,1651.0,1868.0,1661.0,1310.0,175.0,1135.0,1079.0,894.0,2.9,2.5,2.2,3.7,1.0,1.5,2.8,2.6,2.8,4.8,5.1,0.9
2023-06-01,9180.0,5.6,5928.0,3.8,5680.0,3.6,3693.0,2.4,1658.0,1.1,417.0,575.0,681.0,1527.0,1926.0,1754.0,1208.0,136.0,1072.0,1116.0,946.0,2.6,2.2,2.0,3.1,1.4,1.3,2.6,2.4,2.5,4.9,5.1,0.8
2023-07-01,8657.0,5.3,5672.0,3.6,5564.0,3.6,3552.0,2.3,1677.0,1.1,377.0,514.0,731.0,1254.0,1951.0,1782.0,1206.0,150.0,1057.0,995.0,852.0,2.5,2.1,1.9,3.4,1.9,1.2,2.6,2.0,2.1,4.5,4.6,0.9
2023-08-01,9254.0,5.6,5846.0,3.7,5651.0,3.6,3621.0,2.3,1675.0,1.1,404.0,576.0,610.0,1561.0,2080.0,1910.0,1185.0,169.0,1016.0,1055.0,867.0,2.6,2.1,1.8,3.1,0.8,1.5,2.6,2.2,2.3,4.8,5.0,0.9
2023-09-01,9259.0,5.6,5773.0,3.7,5507.0,3.5,3644.0,2.3,1531.0,1.0,428.0,605.0,662.0,1499.0,1969.0,1794.0,1333.0,182.0,1151.0,992.0,832.0,2.6,1.8,1.8,3.4,1.5,1.3,2.6,2.1,2.2,5.2,5.5,0.8
2023-10-01,8580.0,5.2,5765.0,3.7,5530.0,3.5,3574.0,2.3,1623.0,1.0,420.0,568.0,574.0,1478.0,1834.0,1663.0,1150.0,192.0,958.0,968.0,791.0,2.5,2.2,1.7,3.2,1.4,1.4,2.8,2.2,2.3,4.4,4.8,0.8
2023-11-01,8602.0,5.2,5535.0,3.5,5494.0,3.5,3576.0,2.3,1554.0,1.0,444.0,535.0,555.0,1329.0,1893.0,1726.0,1160.0,172.0,988.0,1031.0,856.0,2.5,2.1,1.8,3.1,1.5,1.4,2.7,2.3,2.5,4.4,4.7,0.9
2023-12-01,8520.0,5.2,5583.0,3.6,5430.0,3.5,3412.0,2.2,1685.0,1.1,411.0,597.0,717.0,1375.0,2020.0,1828.0,957.0,155.0,801.0,991.0,841.0,2.4,1.9,1.8,2.8,1.1,1.4,2.4,2.0,2.1,4.4,4.6,0.9
2024-01-01,8378.0,5.1,5591.0,3.6,5367.0,3.4,3347.0,2.1,1641.0,1.0,413.0,557.0,487.0,1438.0,2002.0,1845.0,1106.0,177.0,929.0,892.0,749.0,2.4,1.7,1.7,2.5,1.8,1.2,2.2,2.0,2.2,4.6,5.0,0.9
2024-02-01,8440.0,5.1,5618.0,3.6,5513.0,3.5,3482.0,2.2,1692.0,1.1,394.0,551.0,570.0,1424.0,1928.0,1786.0,1105.0,177.0,928.0,909.0,761.0,2.5,1.7,1.7,3.0,1.6,1.4,2.7,2.2,2.3,4.3,4.5,0.8
2024-03-01,8206.0,5.0,5452.0,3.5,5265.0,3.3,3289.0,2.1,1647.0,1.0,342.0,517.0,510.0,1311.0,1889.0,1707.0,1211.0,168.0,1043.0,992.0,840.0,2.3,1.8,1.4,2.9,1.4,1.2,3.0,2.1,2.2,4.0,4.2,0.7
2024-04-01,7529.0,4.6,5469.0,3.5,5370.0,3.4,3438.0,2.2,1548.0,1.0,329.0,491.0,496.0,1232.0,1709.0,1491.0,1060.0,145.0,915.0,869.0,732.0,2.4,2.3,1.7,3.0,1.5,1.2,2.3,2.2,2.4,4.1,4.3,0.9
2024-05-01,7782.0,4.7,5492.0,3.5,5424.0,3.4,3386.0,2.1,1747.0,1.1,389.0,541.0,506.0,1325.0,1833.0,1649.0,825.0,150.0,675.0,1027.0,835.0,2.4,2.3,1.7,3.0,1.7,1.3,2.2,2.2,2.4,3.8,4.0,0.9
2024-06-01,7416.0,4.5,5137.0,3.3,5082.0,3.2,3280.0,2.1,1497.0,0.9,288.0,471.0,496.0,1097.0,1796.0,1607.0,906.0,111.0,795.0,968.0,859.0,2.3,1.6,1.6,3.0,1.1,1.6,2.6,2.0,2.1,3.6,3.8,0.8
2024-07-01,7426.0,4.5,5430.0,3.4,5390.0,3.4,3359.0,2.1,1711.0,1.1,249.0,481.0,534.0,1302.0,1703.0,1523.0,961.0,156.0,805.0,933.0,798.0,2.4,1.7,1.7,2.8,1.8,1.2,2.2,2.3,2.5,4.0,4.2,0.7
2024-08-01,7520.0,4.6,5204.0,3.3,5226.0,3.3,3240.0,2.1,1683.0,1.1,342.0,461.0,562.0,1308.0,1668.0,1521.0,939.0,146.0,792.0,952.0,799.0,2.3,1.5,1.7,2.5,1.5,1.0,2.4,1.9,2.1,4.2,4.5,0.8
2024-09-01,6943.0,4.2,5427.0,3.4,5160.0,3.3,3123.0,2.0,1780.0,1.1,246.0,466.0,514.0,1230.0,1470.0,1298.0,887.0,126.0,760.0,872.0,737.0,2.2,1.7,1.5,2.7,1.3,1.4,2.3,1.9,2.0,3.7,3.8,0.8
2024-10-01,7379.0,4.5,5228.0,3.3,5137.0,3.3,3215.0,2.0,1650.0,1.0,241.0,437.0,506.0,1253.0,1633.0,1477.0,1007.0,82.0,926.0,909.0,764.0,2.3,1.7,1.6,2.5,1.4,1.2,2.4,2.0,2.1,4.0,4.2,0.8
2024-11-01,7566.0,4.6,5155.0,3.3,5156.0,3.3,3050.0,1.9,1831.0,1.2,233.0,415.0,477.0,1508.0,1704.0,1521.0,1012.0,101.0,912.0,884.0,758.0,2.1,1.8,1.5,2.6,1.2,1.2,2.2,1.9,2.0,3.5,3.7,0.8
2024-12-01,7295.0,4.4,5292.0,3.3,5049.0,3.2,3085.0,1.9,1689.0,1.1,135.0,401.0,502.0,1295.0,1573.0,1410.0,1222.0,198.0,1024.0,889.0,759.0,2.1,1.3,1.5,2.4,1.2,1.3,2.6,1.9,2.0,3.4,3.6,0.8
2025-01-01,7431.0,4.5,5238.0,3.3,5241.0,3.3,3203.0,2.0,1738.0,1.1,232.0,447.0,540.0,1253.0,1628.0,1475.0,1009.0,158.0,851.0,879.0,748.0,2.2,2.0,1.5,2.4,1.4,1.4,2.4,2.0,2.1,3.5,3.7,0.8
2025-02-01,7242.0,4.4,5236.0,3.3,5285.0,3.3,3153.0,2.0,1867.0,1.2,255.0,400.0,519.0,1222.0,1625.0,1457.0,994.0,141.0,853.0,875.0,756.0,2.2,2.1,1.4,2.6,1.2,1.3,2.3,1.8,1.9,3.6,3.8,0.8
2025-03-01,6952.0,4.2,5333.0,3.4,5288.0,3.3,3456.0,2.2,1595.0,1.0,278.0,389.0,498.0,1211.0,1454.0,1312.0,946.0,135.0,812.0,834.0,712.0,2.4,2.0,1.5,3.0,1.4,1.5,2.9,2.0,2.1,3.9,4.2,0.8
2025-04-01,7098.0,4.3,5391.0,3.4,5270.0,3.3,3144.0,2.0,1818.0,1.1,207.0,376.0,562.0,1339.0,1683.0,1525.0,827.0,161.0,666.0,817.0,694.0,2.2,1.9,1.4,2.4,1.1,1.4,2.3,2.0,2.1,4.0,4.2,0.8
2025-05-01,7310.0,4.4,5328.0,3.4,5288.0,3.3,3287.0,2.1,1671.0,1.1,222.0,401.0,438.0,1224.0,1761.0,1614.0,1076.0,129.0,948.0,793.0,690.0,2.3,1.9,1.2,2.6,1.3,1.5,2.4,1.9,2.0,4.5,4.8,0.8
2025-06-01,7204.0,4.3,5327.0,3.4,5432.0,3.4,3254.0,2.1,1843.0,1.2,224.0,391.0,605.0,1332.0,1603.0,1466.0,999.0,162.0,837.0,859.0,745.0,2.3,1.8,1.4,2.7,1.5,1.2,1.9,1.9,2.0,5.0,5.5,0.7
2025-07-01,7089.0,4.3,5225.0,3.3,5170.0,3.3,3132.0,2.0,1772.0,1.1,305.0,428.0,576.0,1240.0,1429.0,1295.0,970.0,129.0,840.0,781.0,647.0,2.2,1.2,1.4,2.3,1.3,1.4,2.6,1.8,1.8,4.3,4.7,0.8
2025-08-01,6919.0,4.2,5145.0,3.2,5207.0,3.3,3095.0,2.0,1832.0,1.2,213.0,416.0,609.0,1095.0,1512.0,1366.0,1050.0,108.0,942.0,720.0,652.0,2.2,1.8,1.3,2.4,1.2,1.3,2.5,2.1,2.2,3.5,3.9,0.8
2025-09-01,7169.0,4.3,5244.0,3.3,5161.0,3.3,2990.0,1.9,1816.0,1.1,206.0,389.0,588.0,1267.0,1548.0,1417.0,1152.0,164.0,989.0,764.0,656.0,2.0,1.5,1.4,2.0,0.8,1.4,2.4,2.1,2.2,3.0,3.4,1.0
2025-10-01,7170.0,4.3,5180.0,3.3,5125.0,3.2,2980.0,1.9,1891.0,1.2,196.0,426.0,641.0,1268.0,1476.0,1349.0,1081.0,163.0,918.0,786.0,697.0,2.1,1.6,1.3,2.6,1.2,1.2,2.4,1.9,1.9,3.1,3.3,0.8
2025-11-01,6846.0,4.1,5019.0,3.2,5035.0,3.2,3119.0,2.0,1660.0,1.0,292.0,389.0,685.0,1309.0,1490.0,1373.0,873.0,151.0,722.0,658.0,566.0,2.2,1.6,1.5,2.7,1.5,1.1,2.1,1.8,1.9,4.3,4.7,0.7
2025-12-01,6550.0,4.0,5272.0,3.3,5203.0,3.3,3225.0,2.0,1666.0,1.1,245.0,426.0,505.0,1167.0,1416.0,1260.0,956.0,137.0,818.0,722.0,628.0,2.3,1.8,1.4,3.2,1.6,1.3,1.9,1.9,2.0,4.4,4.7,0.8
2026-01-01,7240.0,4.4,5347.0,3.4,5144.0,3.2,3131.0,2.0,1660.0,1.0,230.0,510.0,677.0,1196.0,1453.0,1330.0,1119.0,128.0,991.0,752.0,660.0,2.2,1.6,1.3,2.8,1.4,1.1,2.2,1.7,1.8,4.4,4.7,0.8
2026-02-01,6882.0,4.2,4849.0,3.1,4971.0,3.1,2974.0,1.9,1721.0,1.1,202.0,439.0,701.0,1260.0,1375.0,1279.0,906.0,126.0,780.0,701.0,612.0,2.1,1.5,1.4,2.8,1.5,1.1,2.1,1.7,1.8,3.7,3.9,0.8
2026-03-01,,,,,,,,,,,,,,,,,,,,,,,,,,,,,,,,,
